USE ji_boot;
SET NAMES utf8mb4;
SET FOREIGN_KEY_CHECKS = 0;

/*Data for the table `t_sys_dict` */
insert  into `t_sys_dict`(`id`,`sys_flag`,`del_flag`,`create_at`,`update_at`,`code`,`name`,`remarks`) values (1000000,1,NULL,'2020-12-30 13:57:19',NULL,'sys_org_tags','组织标签',NULL);

/*Data for the table `t_sys_dict_item` */
insert  into `t_sys_dict_item`(`id`,`sys_flag`,`del_flag`,`create_at`,`update_at`,`dict_id`,`value`,`label`,`remarks`) values (1000001,1,NULL,'2020-12-30 13:57:19',NULL,1000000,'1','内部组织',NULL);
insert  into `t_sys_dict_item`(`id`,`sys_flag`,`del_flag`,`create_at`,`update_at`,`dict_id`,`value`,`label`,`remarks`) values (1000002,1,NULL,'2020-12-30 13:57:19',NULL,1000000,'2','供应渠道',NULL);
insert  into `t_sys_dict_item`(`id`,`sys_flag`,`del_flag`,`create_at`,`update_at`,`dict_id`,`value`,`label`,`remarks`) values (1000003,1,NULL,'2020-12-30 13:57:19',NULL,1000000,'3','市场片区',NULL);

/*Data for the table `t_resource_node` */

insert  into `t_resource_node`(`ancestor`,`descendant`,`distance`) values (0,0,0);
insert  into `t_resource_node`(`ancestor`,`descendant`,`distance`) values (0,10010000001,1);
insert  into `t_resource_node`(`ancestor`,`descendant`,`distance`) values (0,10010000002,2);
insert  into `t_resource_node`(`ancestor`,`descendant`,`distance`) values (0,10020000001,2);
insert  into `t_resource_node`(`ancestor`,`descendant`,`distance`) values (0,10030000001,3);
insert  into `t_resource_node`(`ancestor`,`descendant`,`distance`) values (0,20000000001,4);
insert  into `t_resource_node`(`ancestor`,`descendant`,`distance`) values (0,20000000002,4);
insert  into `t_resource_node`(`ancestor`,`descendant`,`distance`) values (0,20000000003,4);
insert  into `t_resource_node`(`ancestor`,`descendant`,`distance`) values (0,20000000004,4);
insert  into `t_resource_node`(`ancestor`,`descendant`,`distance`) values (0,1338793651296350209,2);
insert  into `t_resource_node`(`ancestor`,`descendant`,`distance`) values (0,1338795784578027521,3);
insert  into `t_resource_node`(`ancestor`,`descendant`,`distance`) values (0,1338795995027230721,3);
insert  into `t_resource_node`(`ancestor`,`descendant`,`distance`) values (0,1338796190397911041,3);
insert  into `t_resource_node`(`ancestor`,`descendant`,`distance`) values (0,1339095398288048129,3);
insert  into `t_resource_node`(`ancestor`,`descendant`,`distance`) values (0,1339095620003151874,3);
insert  into `t_resource_node`(`ancestor`,`descendant`,`distance`) values (0,1339141805648650242,3);
insert  into `t_resource_node`(`ancestor`,`descendant`,`distance`) values (0,1339141875248930817,3);
insert  into `t_resource_node`(`ancestor`,`descendant`,`distance`) values (0,1339141968685441026,3);
insert  into `t_resource_node`(`ancestor`,`descendant`,`distance`) values (0,1339142060758802434,3);
insert  into `t_resource_node`(`ancestor`,`descendant`,`distance`) values (0,1339142219286716418,3);
insert  into `t_resource_node`(`ancestor`,`descendant`,`distance`) values (0,1339615399885451265,2);
insert  into `t_resource_node`(`ancestor`,`descendant`,`distance`) values (0,1340676892001431553,3);
insert  into `t_resource_node`(`ancestor`,`descendant`,`distance`) values (0,1340701292788572161,4);
insert  into `t_resource_node`(`ancestor`,`descendant`,`distance`) values (0,1340701705814269954,4);
insert  into `t_resource_node`(`ancestor`,`descendant`,`distance`) values (0,1343529601356394498,3);
insert  into `t_resource_node`(`ancestor`,`descendant`,`distance`) values (0,1343532492112654338,4);
insert  into `t_resource_node`(`ancestor`,`descendant`,`distance`) values (0,1343532780550746114,4);
insert  into `t_resource_node`(`ancestor`,`descendant`,`distance`) values (0,1343532862503251969,4);
insert  into `t_resource_node`(`ancestor`,`descendant`,`distance`) values (0,1343533013653385218,4);
insert  into `t_resource_node`(`ancestor`,`descendant`,`distance`) values (0,1343570650825093121,3);
insert  into `t_resource_node`(`ancestor`,`descendant`,`distance`) values (0,1343581816360112129,4);
insert  into `t_resource_node`(`ancestor`,`descendant`,`distance`) values (0,1343870166128156674,4);
insert  into `t_resource_node`(`ancestor`,`descendant`,`distance`) values (0,1343870278812327938,4);
insert  into `t_resource_node`(`ancestor`,`descendant`,`distance`) values (0,1343870438585950210,4);
insert  into `t_resource_node`(`ancestor`,`descendant`,`distance`) values (0,1348924458774077442,1);
insert  into `t_resource_node`(`ancestor`,`descendant`,`distance`) values (0,1348925135726354433,3);
insert  into `t_resource_node`(`ancestor`,`descendant`,`distance`) values (0,1348925793997201409,3);
insert  into `t_resource_node`(`ancestor`,`descendant`,`distance`) values (0,1349425743373905921,3);
insert  into `t_resource_node`(`ancestor`,`descendant`,`distance`) values (0,1349426364743266305,3);
insert  into `t_resource_node`(`ancestor`,`descendant`,`distance`) values (0,1349435748647022594,4);
insert  into `t_resource_node`(`ancestor`,`descendant`,`distance`) values (0,1349436935140126722,4);
insert  into `t_resource_node`(`ancestor`,`descendant`,`distance`) values (0,1349437065104830466,5);
insert  into `t_resource_node`(`ancestor`,`descendant`,`distance`) values (0,1349437468294885378,4);
insert  into `t_resource_node`(`ancestor`,`descendant`,`distance`) values (0,1349437525706518530,5);
insert  into `t_resource_node`(`ancestor`,`descendant`,`distance`) values (0,1349437704006381569,4);
insert  into `t_resource_node`(`ancestor`,`descendant`,`distance`) values (0,1349438613876748290,4);
insert  into `t_resource_node`(`ancestor`,`descendant`,`distance`) values (0,1349440592250253313,4);
insert  into `t_resource_node`(`ancestor`,`descendant`,`distance`) values (0,1349445001235509250,3);
insert  into `t_resource_node`(`ancestor`,`descendant`,`distance`) values (0,1349445046840176642,3);
insert  into `t_resource_node`(`ancestor`,`descendant`,`distance`) values (0,1349445417704730625,3);
insert  into `t_resource_node`(`ancestor`,`descendant`,`distance`) values (0,1349445568901001218,4);
insert  into `t_resource_node`(`ancestor`,`descendant`,`distance`) values (0,1351757595430363137,2);
insert  into `t_resource_node`(`ancestor`,`descendant`,`distance`) values (0,1351758746280271873,3);
insert  into `t_resource_node`(`ancestor`,`descendant`,`distance`) values (0,1351766782407352321,4);
insert  into `t_resource_node`(`ancestor`,`descendant`,`distance`) values (0,1351766873427943426,4);
insert  into `t_resource_node`(`ancestor`,`descendant`,`distance`) values (0,1351767001136111618,4);
insert  into `t_resource_node`(`ancestor`,`descendant`,`distance`) values (0,1351767150990204930,4);
insert  into `t_resource_node`(`ancestor`,`descendant`,`distance`) values (0,1351916938809315329,4);
insert  into `t_resource_node`(`ancestor`,`descendant`,`distance`) values (0,1353690207405219841,3);
insert  into `t_resource_node`(`ancestor`,`descendant`,`distance`) values (0,1353690495163834370,4);
insert  into `t_resource_node`(`ancestor`,`descendant`,`distance`) values (0,1353716092061724673,4);
insert  into `t_resource_node`(`ancestor`,`descendant`,`distance`) values (0,1364886578686709761,3);
insert  into `t_resource_node`(`ancestor`,`descendant`,`distance`) values (0,1364888492400824322,5);
insert  into `t_resource_node`(`ancestor`,`descendant`,`distance`) values (0,1364889597423767554,5);
insert  into `t_resource_node`(`ancestor`,`descendant`,`distance`) values (0,1364889902488080385,5);
insert  into `t_resource_node`(`ancestor`,`descendant`,`distance`) values (0,1364890082616659970,5);
insert  into `t_resource_node`(`ancestor`,`descendant`,`distance`) values (0,1366631883937415169,5);
insert  into `t_resource_node`(`ancestor`,`descendant`,`distance`) values (0,1368558671953481730,4);
insert  into `t_resource_node`(`ancestor`,`descendant`,`distance`) values (0,1368574839074447361,4);
insert  into `t_resource_node`(`ancestor`,`descendant`,`distance`) values (0,1368578834799124482,4);
insert  into `t_resource_node`(`ancestor`,`descendant`,`distance`) values (0,1368581091867353090,4);
insert  into `t_resource_node`(`ancestor`,`descendant`,`distance`) values (10010000001,10010000001,0);
insert  into `t_resource_node`(`ancestor`,`descendant`,`distance`) values (10010000001,10020000001,1);
insert  into `t_resource_node`(`ancestor`,`descendant`,`distance`) values (10010000001,10030000001,2);
insert  into `t_resource_node`(`ancestor`,`descendant`,`distance`) values (10010000001,20000000001,3);
insert  into `t_resource_node`(`ancestor`,`descendant`,`distance`) values (10010000001,20000000002,3);
insert  into `t_resource_node`(`ancestor`,`descendant`,`distance`) values (10010000001,20000000003,3);
insert  into `t_resource_node`(`ancestor`,`descendant`,`distance`) values (10010000001,20000000004,3);
insert  into `t_resource_node`(`ancestor`,`descendant`,`distance`) values (10010000001,1338796190397911041,2);
insert  into `t_resource_node`(`ancestor`,`descendant`,`distance`) values (10010000001,1339615399885451265,1);
insert  into `t_resource_node`(`ancestor`,`descendant`,`distance`) values (10010000001,1340676892001431553,2);
insert  into `t_resource_node`(`ancestor`,`descendant`,`distance`) values (10010000001,1340701292788572161,3);
insert  into `t_resource_node`(`ancestor`,`descendant`,`distance`) values (10010000001,1340701705814269954,3);
insert  into `t_resource_node`(`ancestor`,`descendant`,`distance`) values (10010000001,1343529601356394498,2);
insert  into `t_resource_node`(`ancestor`,`descendant`,`distance`) values (10010000001,1343532492112654338,3);
insert  into `t_resource_node`(`ancestor`,`descendant`,`distance`) values (10010000001,1343532780550746114,3);
insert  into `t_resource_node`(`ancestor`,`descendant`,`distance`) values (10010000001,1343532862503251969,3);
insert  into `t_resource_node`(`ancestor`,`descendant`,`distance`) values (10010000001,1343533013653385218,3);
insert  into `t_resource_node`(`ancestor`,`descendant`,`distance`) values (10010000001,1343570650825093121,2);
insert  into `t_resource_node`(`ancestor`,`descendant`,`distance`) values (10010000001,1343581816360112129,3);
insert  into `t_resource_node`(`ancestor`,`descendant`,`distance`) values (10010000001,1343870166128156674,3);
insert  into `t_resource_node`(`ancestor`,`descendant`,`distance`) values (10010000001,1343870278812327938,3);
insert  into `t_resource_node`(`ancestor`,`descendant`,`distance`) values (10010000001,1343870438585950210,3);
insert  into `t_resource_node`(`ancestor`,`descendant`,`distance`) values (10010000001,1348925135726354433,2);
insert  into `t_resource_node`(`ancestor`,`descendant`,`distance`) values (10010000001,1348925793997201409,2);
insert  into `t_resource_node`(`ancestor`,`descendant`,`distance`) values (10010000001,1349425743373905921,2);
insert  into `t_resource_node`(`ancestor`,`descendant`,`distance`) values (10010000001,1349426364743266305,2);
insert  into `t_resource_node`(`ancestor`,`descendant`,`distance`) values (10010000001,1349435748647022594,3);
insert  into `t_resource_node`(`ancestor`,`descendant`,`distance`) values (10010000001,1349436935140126722,3);
insert  into `t_resource_node`(`ancestor`,`descendant`,`distance`) values (10010000001,1349437065104830466,4);
insert  into `t_resource_node`(`ancestor`,`descendant`,`distance`) values (10010000001,1349437468294885378,3);
insert  into `t_resource_node`(`ancestor`,`descendant`,`distance`) values (10010000001,1349437525706518530,4);
insert  into `t_resource_node`(`ancestor`,`descendant`,`distance`) values (10010000001,1349437704006381569,3);
insert  into `t_resource_node`(`ancestor`,`descendant`,`distance`) values (10010000001,1349438613876748290,3);
insert  into `t_resource_node`(`ancestor`,`descendant`,`distance`) values (10010000001,1349440592250253313,3);
insert  into `t_resource_node`(`ancestor`,`descendant`,`distance`) values (10010000001,1349445001235509250,2);
insert  into `t_resource_node`(`ancestor`,`descendant`,`distance`) values (10010000001,1349445046840176642,2);
insert  into `t_resource_node`(`ancestor`,`descendant`,`distance`) values (10010000001,1349445417704730625,2);
insert  into `t_resource_node`(`ancestor`,`descendant`,`distance`) values (10010000001,1349445568901001218,3);
insert  into `t_resource_node`(`ancestor`,`descendant`,`distance`) values (10010000001,1351757595430363137,1);
insert  into `t_resource_node`(`ancestor`,`descendant`,`distance`) values (10010000001,1351758746280271873,2);
insert  into `t_resource_node`(`ancestor`,`descendant`,`distance`) values (10010000001,1351766782407352321,3);
insert  into `t_resource_node`(`ancestor`,`descendant`,`distance`) values (10010000001,1351766873427943426,3);
insert  into `t_resource_node`(`ancestor`,`descendant`,`distance`) values (10010000001,1351767001136111618,3);
insert  into `t_resource_node`(`ancestor`,`descendant`,`distance`) values (10010000001,1351767150990204930,3);
insert  into `t_resource_node`(`ancestor`,`descendant`,`distance`) values (10010000001,1351916938809315329,3);
insert  into `t_resource_node`(`ancestor`,`descendant`,`distance`) values (10010000001,1353690207405219841,2);
insert  into `t_resource_node`(`ancestor`,`descendant`,`distance`) values (10010000001,1353690495163834370,3);
insert  into `t_resource_node`(`ancestor`,`descendant`,`distance`) values (10010000001,1353716092061724673,3);
insert  into `t_resource_node`(`ancestor`,`descendant`,`distance`) values (10010000001,1364886578686709761,2);
insert  into `t_resource_node`(`ancestor`,`descendant`,`distance`) values (10010000001,1364888492400824322,4);
insert  into `t_resource_node`(`ancestor`,`descendant`,`distance`) values (10010000001,1364889597423767554,4);
insert  into `t_resource_node`(`ancestor`,`descendant`,`distance`) values (10010000001,1364889902488080385,4);
insert  into `t_resource_node`(`ancestor`,`descendant`,`distance`) values (10010000001,1364890082616659970,4);
insert  into `t_resource_node`(`ancestor`,`descendant`,`distance`) values (10010000001,1366631883937415169,4);
insert  into `t_resource_node`(`ancestor`,`descendant`,`distance`) values (10010000001,1368558671953481730,3);
insert  into `t_resource_node`(`ancestor`,`descendant`,`distance`) values (10010000001,1368574839074447361,3);
insert  into `t_resource_node`(`ancestor`,`descendant`,`distance`) values (10010000001,1368578834799124482,3);
insert  into `t_resource_node`(`ancestor`,`descendant`,`distance`) values (10010000001,1368581091867353090,3);
insert  into `t_resource_node`(`ancestor`,`descendant`,`distance`) values (10010000002,10010000002,0);
insert  into `t_resource_node`(`ancestor`,`descendant`,`distance`) values (10010000002,1339141805648650242,1);
insert  into `t_resource_node`(`ancestor`,`descendant`,`distance`) values (10010000002,1339141875248930817,1);
insert  into `t_resource_node`(`ancestor`,`descendant`,`distance`) values (10010000002,1339141968685441026,1);
insert  into `t_resource_node`(`ancestor`,`descendant`,`distance`) values (10010000002,1339142060758802434,1);
insert  into `t_resource_node`(`ancestor`,`descendant`,`distance`) values (10010000002,1339142219286716418,1);
insert  into `t_resource_node`(`ancestor`,`descendant`,`distance`) values (10020000001,10010000002,1);
insert  into `t_resource_node`(`ancestor`,`descendant`,`distance`) values (10020000001,10020000001,0);
insert  into `t_resource_node`(`ancestor`,`descendant`,`distance`) values (10020000001,20000000001,2);
insert  into `t_resource_node`(`ancestor`,`descendant`,`distance`) values (10020000001,20000000002,2);
insert  into `t_resource_node`(`ancestor`,`descendant`,`distance`) values (10020000001,20000000003,2);
insert  into `t_resource_node`(`ancestor`,`descendant`,`distance`) values (10020000001,20000000004,2);
insert  into `t_resource_node`(`ancestor`,`descendant`,`distance`) values (10020000001,1338793651296350209,1);
insert  into `t_resource_node`(`ancestor`,`descendant`,`distance`) values (10020000001,1338795784578027521,2);
insert  into `t_resource_node`(`ancestor`,`descendant`,`distance`) values (10020000001,1338795995027230721,2);
insert  into `t_resource_node`(`ancestor`,`descendant`,`distance`) values (10020000001,1339095398288048129,2);
insert  into `t_resource_node`(`ancestor`,`descendant`,`distance`) values (10020000001,1339095620003151874,2);
insert  into `t_resource_node`(`ancestor`,`descendant`,`distance`) values (10020000001,1339141805648650242,2);
insert  into `t_resource_node`(`ancestor`,`descendant`,`distance`) values (10020000001,1339141875248930817,2);
insert  into `t_resource_node`(`ancestor`,`descendant`,`distance`) values (10020000001,1339141968685441026,2);
insert  into `t_resource_node`(`ancestor`,`descendant`,`distance`) values (10020000001,1339142060758802434,2);
insert  into `t_resource_node`(`ancestor`,`descendant`,`distance`) values (10020000001,1339142219286716418,2);
insert  into `t_resource_node`(`ancestor`,`descendant`,`distance`) values (10020000001,1340676892001431553,1);
insert  into `t_resource_node`(`ancestor`,`descendant`,`distance`) values (10020000001,1340701292788572161,2);
insert  into `t_resource_node`(`ancestor`,`descendant`,`distance`) values (10020000001,1340701705814269954,2);
insert  into `t_resource_node`(`ancestor`,`descendant`,`distance`) values (10020000001,1349445417704730625,1);
insert  into `t_resource_node`(`ancestor`,`descendant`,`distance`) values (10020000001,1349445568901001218,2);
insert  into `t_resource_node`(`ancestor`,`descendant`,`distance`) values (10030000001,10030000001,0);
insert  into `t_resource_node`(`ancestor`,`descendant`,`distance`) values (10030000001,20000000001,1);
insert  into `t_resource_node`(`ancestor`,`descendant`,`distance`) values (10030000001,20000000002,1);
insert  into `t_resource_node`(`ancestor`,`descendant`,`distance`) values (10030000001,20000000003,1);
insert  into `t_resource_node`(`ancestor`,`descendant`,`distance`) values (10030000001,20000000004,1);
insert  into `t_resource_node`(`ancestor`,`descendant`,`distance`) values (20000000001,20000000001,0);
insert  into `t_resource_node`(`ancestor`,`descendant`,`distance`) values (20000000002,20000000002,0);
insert  into `t_resource_node`(`ancestor`,`descendant`,`distance`) values (20000000003,20000000003,0);
insert  into `t_resource_node`(`ancestor`,`descendant`,`distance`) values (20000000004,20000000004,0);
insert  into `t_resource_node`(`ancestor`,`descendant`,`distance`) values (1338793651296350209,1338793651296350209,0);
insert  into `t_resource_node`(`ancestor`,`descendant`,`distance`) values (1338793651296350209,1338795784578027521,1);
insert  into `t_resource_node`(`ancestor`,`descendant`,`distance`) values (1338793651296350209,1338795995027230721,1);
insert  into `t_resource_node`(`ancestor`,`descendant`,`distance`) values (1338793651296350209,1338796190397911041,1);
insert  into `t_resource_node`(`ancestor`,`descendant`,`distance`) values (1338793651296350209,1339095398288048129,1);
insert  into `t_resource_node`(`ancestor`,`descendant`,`distance`) values (1338793651296350209,1339095620003151874,1);
insert  into `t_resource_node`(`ancestor`,`descendant`,`distance`) values (1338795784578027521,1338795784578027521,0);
insert  into `t_resource_node`(`ancestor`,`descendant`,`distance`) values (1338795995027230721,1338795995027230721,0);
insert  into `t_resource_node`(`ancestor`,`descendant`,`distance`) values (1338796190397911041,1338796190397911041,0);
insert  into `t_resource_node`(`ancestor`,`descendant`,`distance`) values (1339095398288048129,1339095398288048129,0);
insert  into `t_resource_node`(`ancestor`,`descendant`,`distance`) values (1339095620003151874,1339095620003151874,0);
insert  into `t_resource_node`(`ancestor`,`descendant`,`distance`) values (1339141805648650242,1339141805648650242,0);
insert  into `t_resource_node`(`ancestor`,`descendant`,`distance`) values (1339141875248930817,1339141875248930817,0);
insert  into `t_resource_node`(`ancestor`,`descendant`,`distance`) values (1339141968685441026,1339141968685441026,0);
insert  into `t_resource_node`(`ancestor`,`descendant`,`distance`) values (1339142060758802434,1339142060758802434,0);
insert  into `t_resource_node`(`ancestor`,`descendant`,`distance`) values (1339142219286716418,1339142219286716418,0);
insert  into `t_resource_node`(`ancestor`,`descendant`,`distance`) values (1339615399885451265,10030000001,1);
insert  into `t_resource_node`(`ancestor`,`descendant`,`distance`) values (1339615399885451265,1339615399885451265,0);
insert  into `t_resource_node`(`ancestor`,`descendant`,`distance`) values (1339615399885451265,1343529601356394498,1);
insert  into `t_resource_node`(`ancestor`,`descendant`,`distance`) values (1339615399885451265,1343532492112654338,2);
insert  into `t_resource_node`(`ancestor`,`descendant`,`distance`) values (1339615399885451265,1343532780550746114,2);
insert  into `t_resource_node`(`ancestor`,`descendant`,`distance`) values (1339615399885451265,1343532862503251969,2);
insert  into `t_resource_node`(`ancestor`,`descendant`,`distance`) values (1339615399885451265,1343533013653385218,2);
insert  into `t_resource_node`(`ancestor`,`descendant`,`distance`) values (1339615399885451265,1343570650825093121,1);
insert  into `t_resource_node`(`ancestor`,`descendant`,`distance`) values (1339615399885451265,1343581816360112129,2);
insert  into `t_resource_node`(`ancestor`,`descendant`,`distance`) values (1339615399885451265,1343870166128156674,2);
insert  into `t_resource_node`(`ancestor`,`descendant`,`distance`) values (1339615399885451265,1343870278812327938,2);
insert  into `t_resource_node`(`ancestor`,`descendant`,`distance`) values (1339615399885451265,1343870438585950210,2);
insert  into `t_resource_node`(`ancestor`,`descendant`,`distance`) values (1339615399885451265,1364886578686709761,1);
insert  into `t_resource_node`(`ancestor`,`descendant`,`distance`) values (1339615399885451265,1364888492400824322,3);
insert  into `t_resource_node`(`ancestor`,`descendant`,`distance`) values (1339615399885451265,1364889597423767554,3);
insert  into `t_resource_node`(`ancestor`,`descendant`,`distance`) values (1339615399885451265,1364889902488080385,3);
insert  into `t_resource_node`(`ancestor`,`descendant`,`distance`) values (1339615399885451265,1364890082616659970,3);
insert  into `t_resource_node`(`ancestor`,`descendant`,`distance`) values (1339615399885451265,1366631883937415169,3);
insert  into `t_resource_node`(`ancestor`,`descendant`,`distance`) values (1339615399885451265,1368558671953481730,2);
insert  into `t_resource_node`(`ancestor`,`descendant`,`distance`) values (1339615399885451265,1368574839074447361,2);
insert  into `t_resource_node`(`ancestor`,`descendant`,`distance`) values (1339615399885451265,1368578834799124482,2);
insert  into `t_resource_node`(`ancestor`,`descendant`,`distance`) values (1339615399885451265,1368581091867353090,2);
insert  into `t_resource_node`(`ancestor`,`descendant`,`distance`) values (1340676892001431553,1340676892001431553,0);
insert  into `t_resource_node`(`ancestor`,`descendant`,`distance`) values (1340676892001431553,1340701292788572161,1);
insert  into `t_resource_node`(`ancestor`,`descendant`,`distance`) values (1340676892001431553,1340701705814269954,1);
insert  into `t_resource_node`(`ancestor`,`descendant`,`distance`) values (1340701292788572161,1340701292788572161,0);
insert  into `t_resource_node`(`ancestor`,`descendant`,`distance`) values (1340701705814269954,1340701705814269954,0);
insert  into `t_resource_node`(`ancestor`,`descendant`,`distance`) values (1343529601356394498,1343529601356394498,0);
insert  into `t_resource_node`(`ancestor`,`descendant`,`distance`) values (1343529601356394498,1343532492112654338,1);
insert  into `t_resource_node`(`ancestor`,`descendant`,`distance`) values (1343529601356394498,1343532780550746114,1);
insert  into `t_resource_node`(`ancestor`,`descendant`,`distance`) values (1343529601356394498,1343532862503251969,1);
insert  into `t_resource_node`(`ancestor`,`descendant`,`distance`) values (1343529601356394498,1343533013653385218,1);
insert  into `t_resource_node`(`ancestor`,`descendant`,`distance`) values (1343532492112654338,1343532492112654338,0);
insert  into `t_resource_node`(`ancestor`,`descendant`,`distance`) values (1343532780550746114,1343532780550746114,0);
insert  into `t_resource_node`(`ancestor`,`descendant`,`distance`) values (1343532862503251969,1343532862503251969,0);
insert  into `t_resource_node`(`ancestor`,`descendant`,`distance`) values (1343533013653385218,1343533013653385218,0);
insert  into `t_resource_node`(`ancestor`,`descendant`,`distance`) values (1343570650825093121,1343570650825093121,0);
insert  into `t_resource_node`(`ancestor`,`descendant`,`distance`) values (1343570650825093121,1343581816360112129,1);
insert  into `t_resource_node`(`ancestor`,`descendant`,`distance`) values (1343570650825093121,1343870166128156674,1);
insert  into `t_resource_node`(`ancestor`,`descendant`,`distance`) values (1343570650825093121,1343870278812327938,1);
insert  into `t_resource_node`(`ancestor`,`descendant`,`distance`) values (1343570650825093121,1343870438585950210,1);
insert  into `t_resource_node`(`ancestor`,`descendant`,`distance`) values (1343581816360112129,1343581816360112129,0);
insert  into `t_resource_node`(`ancestor`,`descendant`,`distance`) values (1343870166128156674,1343870166128156674,0);
insert  into `t_resource_node`(`ancestor`,`descendant`,`distance`) values (1343870278812327938,1343870278812327938,0);
insert  into `t_resource_node`(`ancestor`,`descendant`,`distance`) values (1343870438585950210,1343870438585950210,0);
insert  into `t_resource_node`(`ancestor`,`descendant`,`distance`) values (1348924458774077442,1348924458774077442,0);
insert  into `t_resource_node`(`ancestor`,`descendant`,`distance`) values (1348924458774077442,1348925135726354433,1);
insert  into `t_resource_node`(`ancestor`,`descendant`,`distance`) values (1348924458774077442,1348925793997201409,1);
insert  into `t_resource_node`(`ancestor`,`descendant`,`distance`) values (1348925135726354433,1348925135726354433,0);
insert  into `t_resource_node`(`ancestor`,`descendant`,`distance`) values (1348925793997201409,1348925793997201409,0);
insert  into `t_resource_node`(`ancestor`,`descendant`,`distance`) values (1349425179734945793,1349435748647022594,2);
insert  into `t_resource_node`(`ancestor`,`descendant`,`distance`) values (1349425179734945793,1349436935140126722,2);
insert  into `t_resource_node`(`ancestor`,`descendant`,`distance`) values (1349425179734945793,1349437065104830466,3);
insert  into `t_resource_node`(`ancestor`,`descendant`,`distance`) values (1349425179734945793,1349437468294885378,2);
insert  into `t_resource_node`(`ancestor`,`descendant`,`distance`) values (1349425179734945793,1349437525706518530,3);
insert  into `t_resource_node`(`ancestor`,`descendant`,`distance`) values (1349425179734945793,1349437704006381569,2);
insert  into `t_resource_node`(`ancestor`,`descendant`,`distance`) values (1349425179734945793,1349438613876748290,2);
insert  into `t_resource_node`(`ancestor`,`descendant`,`distance`) values (1349425179734945793,1349440592250253313,2);
insert  into `t_resource_node`(`ancestor`,`descendant`,`distance`) values (1349425179734945793,1349445001235509250,1);
insert  into `t_resource_node`(`ancestor`,`descendant`,`distance`) values (1349425179734945793,1349445046840176642,1);
insert  into `t_resource_node`(`ancestor`,`descendant`,`distance`) values (1349425495851249666,1349425743373905921,1);
insert  into `t_resource_node`(`ancestor`,`descendant`,`distance`) values (1349425495851249666,1349426364743266305,1);
insert  into `t_resource_node`(`ancestor`,`descendant`,`distance`) values (1349425743373905921,1349425743373905921,0);
insert  into `t_resource_node`(`ancestor`,`descendant`,`distance`) values (1349426364743266305,1349426364743266305,0);
insert  into `t_resource_node`(`ancestor`,`descendant`,`distance`) values (1349435664492507137,1349435748647022594,1);
insert  into `t_resource_node`(`ancestor`,`descendant`,`distance`) values (1349435748647022594,1349435748647022594,0);
insert  into `t_resource_node`(`ancestor`,`descendant`,`distance`) values (1349436888147144706,1349436935140126722,1);
insert  into `t_resource_node`(`ancestor`,`descendant`,`distance`) values (1349436888147144706,1349437065104830466,2);
insert  into `t_resource_node`(`ancestor`,`descendant`,`distance`) values (1349436935140126722,1349436935140126722,0);
insert  into `t_resource_node`(`ancestor`,`descendant`,`distance`) values (1349436935140126722,1349437065104830466,1);
insert  into `t_resource_node`(`ancestor`,`descendant`,`distance`) values (1349437065104830466,1349437065104830466,0);
insert  into `t_resource_node`(`ancestor`,`descendant`,`distance`) values (1349437415106916354,1349437468294885378,1);
insert  into `t_resource_node`(`ancestor`,`descendant`,`distance`) values (1349437415106916354,1349437525706518530,2);
insert  into `t_resource_node`(`ancestor`,`descendant`,`distance`) values (1349437468294885378,1349437468294885378,0);
insert  into `t_resource_node`(`ancestor`,`descendant`,`distance`) values (1349437468294885378,1349437525706518530,1);
insert  into `t_resource_node`(`ancestor`,`descendant`,`distance`) values (1349437525706518530,1349437525706518530,0);
insert  into `t_resource_node`(`ancestor`,`descendant`,`distance`) values (1349437660314316802,1349437704006381569,1);
insert  into `t_resource_node`(`ancestor`,`descendant`,`distance`) values (1349437704006381569,1349437704006381569,0);
insert  into `t_resource_node`(`ancestor`,`descendant`,`distance`) values (1349438552778321921,1349438613876748290,1);
insert  into `t_resource_node`(`ancestor`,`descendant`,`distance`) values (1349438613876748290,1349438613876748290,0);
insert  into `t_resource_node`(`ancestor`,`descendant`,`distance`) values (1349440544426799105,1349440592250253313,1);
insert  into `t_resource_node`(`ancestor`,`descendant`,`distance`) values (1349440592250253313,1349440592250253313,0);
insert  into `t_resource_node`(`ancestor`,`descendant`,`distance`) values (1349445001235509250,1349445001235509250,0);
insert  into `t_resource_node`(`ancestor`,`descendant`,`distance`) values (1349445046840176642,1349445046840176642,0);
insert  into `t_resource_node`(`ancestor`,`descendant`,`distance`) values (1349445417704730625,1349445417704730625,0);
insert  into `t_resource_node`(`ancestor`,`descendant`,`distance`) values (1349445417704730625,1349445568901001218,1);
insert  into `t_resource_node`(`ancestor`,`descendant`,`distance`) values (1349445568901001218,1349445568901001218,0);
insert  into `t_resource_node`(`ancestor`,`descendant`,`distance`) values (1351757595430363137,1351757595430363137,0);
insert  into `t_resource_node`(`ancestor`,`descendant`,`distance`) values (1351757595430363137,1351758746280271873,1);
insert  into `t_resource_node`(`ancestor`,`descendant`,`distance`) values (1351757595430363137,1351766782407352321,2);
insert  into `t_resource_node`(`ancestor`,`descendant`,`distance`) values (1351757595430363137,1351766873427943426,2);
insert  into `t_resource_node`(`ancestor`,`descendant`,`distance`) values (1351757595430363137,1351767001136111618,2);
insert  into `t_resource_node`(`ancestor`,`descendant`,`distance`) values (1351757595430363137,1351767150990204930,2);
insert  into `t_resource_node`(`ancestor`,`descendant`,`distance`) values (1351757595430363137,1351916938809315329,2);
insert  into `t_resource_node`(`ancestor`,`descendant`,`distance`) values (1351757595430363137,1353690207405219841,1);
insert  into `t_resource_node`(`ancestor`,`descendant`,`distance`) values (1351757595430363137,1353690495163834370,2);
insert  into `t_resource_node`(`ancestor`,`descendant`,`distance`) values (1351757595430363137,1353716092061724673,2);
insert  into `t_resource_node`(`ancestor`,`descendant`,`distance`) values (1351758746280271873,1351758746280271873,0);
insert  into `t_resource_node`(`ancestor`,`descendant`,`distance`) values (1351758746280271873,1351766782407352321,1);
insert  into `t_resource_node`(`ancestor`,`descendant`,`distance`) values (1351758746280271873,1351766873427943426,1);
insert  into `t_resource_node`(`ancestor`,`descendant`,`distance`) values (1351758746280271873,1351767001136111618,1);
insert  into `t_resource_node`(`ancestor`,`descendant`,`distance`) values (1351758746280271873,1351767150990204930,1);
insert  into `t_resource_node`(`ancestor`,`descendant`,`distance`) values (1351758746280271873,1351916938809315329,1);
insert  into `t_resource_node`(`ancestor`,`descendant`,`distance`) values (1351766782407352321,1351766782407352321,0);
insert  into `t_resource_node`(`ancestor`,`descendant`,`distance`) values (1351766873427943426,1351766873427943426,0);
insert  into `t_resource_node`(`ancestor`,`descendant`,`distance`) values (1351767001136111618,1351767001136111618,0);
insert  into `t_resource_node`(`ancestor`,`descendant`,`distance`) values (1351767150990204930,1351767150990204930,0);
insert  into `t_resource_node`(`ancestor`,`descendant`,`distance`) values (1351916938809315329,1351916938809315329,0);
insert  into `t_resource_node`(`ancestor`,`descendant`,`distance`) values (1353690207405219841,1353690207405219841,0);
insert  into `t_resource_node`(`ancestor`,`descendant`,`distance`) values (1353690207405219841,1353690495163834370,1);
insert  into `t_resource_node`(`ancestor`,`descendant`,`distance`) values (1353690207405219841,1353716092061724673,1);
insert  into `t_resource_node`(`ancestor`,`descendant`,`distance`) values (1353690495163834370,1353690495163834370,0);
insert  into `t_resource_node`(`ancestor`,`descendant`,`distance`) values (1353716092061724673,1353716092061724673,0);
insert  into `t_resource_node`(`ancestor`,`descendant`,`distance`) values (1364886578686709761,1364886578686709761,0);
insert  into `t_resource_node`(`ancestor`,`descendant`,`distance`) values (1364886578686709761,1364888492400824322,2);
insert  into `t_resource_node`(`ancestor`,`descendant`,`distance`) values (1364886578686709761,1364889597423767554,2);
insert  into `t_resource_node`(`ancestor`,`descendant`,`distance`) values (1364886578686709761,1364889902488080385,2);
insert  into `t_resource_node`(`ancestor`,`descendant`,`distance`) values (1364886578686709761,1364890082616659970,2);
insert  into `t_resource_node`(`ancestor`,`descendant`,`distance`) values (1364886578686709761,1366631883937415169,2);
insert  into `t_resource_node`(`ancestor`,`descendant`,`distance`) values (1364886578686709761,1368558671953481730,1);
insert  into `t_resource_node`(`ancestor`,`descendant`,`distance`) values (1364886578686709761,1368574839074447361,1);
insert  into `t_resource_node`(`ancestor`,`descendant`,`distance`) values (1364886578686709761,1368578834799124482,1);
insert  into `t_resource_node`(`ancestor`,`descendant`,`distance`) values (1364886578686709761,1368581091867353090,1);
insert  into `t_resource_node`(`ancestor`,`descendant`,`distance`) values (1364888492400824322,1364888492400824322,0);
insert  into `t_resource_node`(`ancestor`,`descendant`,`distance`) values (1364889597423767554,1364889597423767554,0);
insert  into `t_resource_node`(`ancestor`,`descendant`,`distance`) values (1364889902488080385,1364889902488080385,0);
insert  into `t_resource_node`(`ancestor`,`descendant`,`distance`) values (1364890082616659970,1364890082616659970,0);
insert  into `t_resource_node`(`ancestor`,`descendant`,`distance`) values (1366631883937415169,1366631883937415169,0);
insert  into `t_resource_node`(`ancestor`,`descendant`,`distance`) values (1368558671953481730,1368558671953481730,0);
insert  into `t_resource_node`(`ancestor`,`descendant`,`distance`) values (1368574839074447361,1368574839074447361,0);
insert  into `t_resource_node`(`ancestor`,`descendant`,`distance`) values (1368578834799124482,1364888492400824322,1);
insert  into `t_resource_node`(`ancestor`,`descendant`,`distance`) values (1368578834799124482,1364889597423767554,1);
insert  into `t_resource_node`(`ancestor`,`descendant`,`distance`) values (1368578834799124482,1364889902488080385,1);
insert  into `t_resource_node`(`ancestor`,`descendant`,`distance`) values (1368578834799124482,1364890082616659970,1);
insert  into `t_resource_node`(`ancestor`,`descendant`,`distance`) values (1368578834799124482,1366631883937415169,1);
insert  into `t_resource_node`(`ancestor`,`descendant`,`distance`) values (1368578834799124482,1368578834799124482,0);
insert  into `t_resource_node`(`ancestor`,`descendant`,`distance`) values (1368581091867353090,1368581091867353090,0);

/*Data for the table `t_sys_resource` */

insert  into `t_sys_resource`(`id`,`sys_flag`,`del_flag`,`create_at`,`update_at`,`type`,`name`,`title`,`permission`,`path`,`component`,`cache`,`icon`,`sort`) values (0,1,NULL,'2021-03-07 11:33:10',NULL,1,'sys-r-root','根节点','','','',1,'',0);
insert  into `t_sys_resource`(`id`,`sys_flag`,`del_flag`,`create_at`,`update_at`,`type`,`name`,`title`,`permission`,`path`,`component`,`cache`,`icon`,`sort`) values (10010000001,0,NULL,'2021-03-07 11:33:10',NULL,1,'sys','系统管理','','/sys','',1,'sliders',0);
insert  into `t_sys_resource`(`id`,`sys_flag`,`del_flag`,`create_at`,`update_at`,`type`,`name`,`title`,`permission`,`path`,`component`,`cache`,`icon`,`sort`) values (10010000002,0,NULL,'2021-03-07 11:33:10',NULL,1,'sys-user','用户管理','','/sys/user','/sys/views/user',1,'users',0);
insert  into `t_sys_resource`(`id`,`sys_flag`,`del_flag`,`create_at`,`update_at`,`type`,`name`,`title`,`permission`,`path`,`component`,`cache`,`icon`,`sort`) values (10020000001,0,NULL,'2021-03-07 11:33:10',NULL,1,'sys-permission','权限管理','','/sys/permission','',1,'cubes',2);
insert  into `t_sys_resource`(`id`,`sys_flag`,`del_flag`,`create_at`,`update_at`,`type`,`name`,`title`,`permission`,`path`,`component`,`cache`,`icon`,`sort`) values (10030000001,0,NULL,'2021-03-07 11:33:10',NULL,1,'sys-resource','资源管理','','/sys/resource','/sys/views/resource',1,'object-group',0);
insert  into `t_sys_resource`(`id`,`sys_flag`,`del_flag`,`create_at`,`update_at`,`type`,`name`,`title`,`permission`,`path`,`component`,`cache`,`icon`,`sort`) values (20000000001,0,NULL,'2021-03-07 11:33:10',NULL,2,'sys-resource-add','添加资源','sys:resource:add','','',1,'',1);
insert  into `t_sys_resource`(`id`,`sys_flag`,`del_flag`,`create_at`,`update_at`,`type`,`name`,`title`,`permission`,`path`,`component`,`cache`,`icon`,`sort`) values (20000000002,0,NULL,'2021-03-07 11:33:10',NULL,2,'sys-resource-del','删除资源','sys:resource:del','','',1,'',2);
insert  into `t_sys_resource`(`id`,`sys_flag`,`del_flag`,`create_at`,`update_at`,`type`,`name`,`title`,`permission`,`path`,`component`,`cache`,`icon`,`sort`) values (20000000003,0,NULL,'2021-03-07 11:33:10',NULL,2,'sys-resource-edit','修改资源','sys:resource:edit','','',1,'',3);
insert  into `t_sys_resource`(`id`,`sys_flag`,`del_flag`,`create_at`,`update_at`,`type`,`name`,`title`,`permission`,`path`,`component`,`cache`,`icon`,`sort`) values (20000000004,0,NULL,'2021-03-07 11:33:10',NULL,2,'sys-resource-view','查看资源','sys:resource:view','','',1,'',4);
insert  into `t_sys_resource`(`id`,`sys_flag`,`del_flag`,`create_at`,`update_at`,`type`,`name`,`title`,`permission`,`path`,`component`,`cache`,`icon`,`sort`) values (1338793651296350209,1,NULL,'2021-03-07 11:33:10',NULL,1,'sys-role','角色管理','','/sys/roles','/sys/views/role',1,'address-card-o',1);
insert  into `t_sys_resource`(`id`,`sys_flag`,`del_flag`,`create_at`,`update_at`,`type`,`name`,`title`,`permission`,`path`,`component`,`cache`,`icon`,`sort`) values (1338795784578027521,0,NULL,'2021-03-07 11:33:10',NULL,2,'sys-role-add','添加','sys:role:add',NULL,NULL,1,'',1);
insert  into `t_sys_resource`(`id`,`sys_flag`,`del_flag`,`create_at`,`update_at`,`type`,`name`,`title`,`permission`,`path`,`component`,`cache`,`icon`,`sort`) values (1338795995027230721,0,NULL,'2021-03-07 11:33:10',NULL,2,'sys-role-del','删除','sys:role:del',NULL,NULL,1,'',2);
insert  into `t_sys_resource`(`id`,`sys_flag`,`del_flag`,`create_at`,`update_at`,`type`,`name`,`title`,`permission`,`path`,`component`,`cache`,`icon`,`sort`) values (1338796190397911041,0,NULL,'2021-03-07 11:33:10',NULL,2,'sys-role-permit','资源授权','sys:role:permit','','',1,'',0);
insert  into `t_sys_resource`(`id`,`sys_flag`,`del_flag`,`create_at`,`update_at`,`type`,`name`,`title`,`permission`,`path`,`component`,`cache`,`icon`,`sort`) values (1339095398288048129,0,NULL,'2021-03-07 11:33:10',NULL,2,'sys-role-edit','修改','sys:role:edit',NULL,NULL,1,'',3);
insert  into `t_sys_resource`(`id`,`sys_flag`,`del_flag`,`create_at`,`update_at`,`type`,`name`,`title`,`permission`,`path`,`component`,`cache`,`icon`,`sort`) values (1339095620003151874,0,NULL,'2021-03-07 11:33:10',NULL,2,'sys-role-view','查看','sys:role:view',NULL,NULL,1,'',4);
insert  into `t_sys_resource`(`id`,`sys_flag`,`del_flag`,`create_at`,`update_at`,`type`,`name`,`title`,`permission`,`path`,`component`,`cache`,`icon`,`sort`) values (1339141805648650242,0,NULL,'2021-03-07 11:33:10',NULL,2,'sys-user-add','添加','sys:user:add','','',1,'',1);
insert  into `t_sys_resource`(`id`,`sys_flag`,`del_flag`,`create_at`,`update_at`,`type`,`name`,`title`,`permission`,`path`,`component`,`cache`,`icon`,`sort`) values (1339141875248930817,0,NULL,'2021-03-07 11:33:10',NULL,2,'sys-user-del','删除','sys:user:del','','',1,'',2);
insert  into `t_sys_resource`(`id`,`sys_flag`,`del_flag`,`create_at`,`update_at`,`type`,`name`,`title`,`permission`,`path`,`component`,`cache`,`icon`,`sort`) values (1339141968685441026,0,NULL,'2021-03-07 11:33:10',NULL,2,'sys-user-edit','修改','sys:user:edit','','',1,'',3);
insert  into `t_sys_resource`(`id`,`sys_flag`,`del_flag`,`create_at`,`update_at`,`type`,`name`,`title`,`permission`,`path`,`component`,`cache`,`icon`,`sort`) values (1339142060758802434,0,NULL,'2021-03-07 11:33:10',NULL,2,'sys-user-view','查看','sys:user:view','','',1,'',4);
insert  into `t_sys_resource`(`id`,`sys_flag`,`del_flag`,`create_at`,`update_at`,`type`,`name`,`title`,`permission`,`path`,`component`,`cache`,`icon`,`sort`) values (1339142219286716418,0,NULL,'2021-03-07 11:33:10',NULL,2,'sys-user-permit','角色授权','sys:user:permit','','',1,'',0);
insert  into `t_sys_resource`(`id`,`sys_flag`,`del_flag`,`create_at`,`update_at`,`type`,`name`,`title`,`permission`,`path`,`component`,`cache`,`icon`,`sort`) values (1339615399885451265,0,NULL,'2021-03-07 11:33:10',NULL,1,'sys-conf','系统设置','','/sys/conf','',1,'gear',800);
insert  into `t_sys_resource`(`id`,`sys_flag`,`del_flag`,`create_at`,`update_at`,`type`,`name`,`title`,`permission`,`path`,`component`,`cache`,`icon`,`sort`) values (1340676892001431553,0,NULL,'2021-03-07 11:33:10',NULL,1,'sys-role-grant','角色授权','','/sys/role/grant','/sys/views/role-grant',1,'gavel',100);
insert  into `t_sys_resource`(`id`,`sys_flag`,`del_flag`,`create_at`,`update_at`,`type`,`name`,`title`,`permission`,`path`,`component`,`cache`,`icon`,`sort`) values (1340701292788572161,0,NULL,'2021-03-07 11:33:10',NULL,2,'sys-role-grant','授予角色','sys:role:grant','','',1,'',0);
insert  into `t_sys_resource`(`id`,`sys_flag`,`del_flag`,`create_at`,`update_at`,`type`,`name`,`title`,`permission`,`path`,`component`,`cache`,`icon`,`sort`) values (1340701705814269954,0,NULL,'2021-03-07 11:33:10',NULL,2,'sys-role-revoke','移除角色','sys:role:revoke','','',1,'',0);
insert  into `t_sys_resource`(`id`,`sys_flag`,`del_flag`,`create_at`,`update_at`,`type`,`name`,`title`,`permission`,`path`,`component`,`cache`,`icon`,`sort`) values (1343529601356394498,0,NULL,'2021-03-07 11:33:10',NULL,1,'sys-param','参数设置','sys:param','/sys/param','/sys/views/param',1,'ticket',0);
insert  into `t_sys_resource`(`id`,`sys_flag`,`del_flag`,`create_at`,`update_at`,`type`,`name`,`title`,`permission`,`path`,`component`,`cache`,`icon`,`sort`) values (1343532492112654338,0,NULL,'2021-03-07 11:33:10',NULL,2,'sys-param-add','新增参数','sys:param:add',NULL,NULL,1,'',1);
insert  into `t_sys_resource`(`id`,`sys_flag`,`del_flag`,`create_at`,`update_at`,`type`,`name`,`title`,`permission`,`path`,`component`,`cache`,`icon`,`sort`) values (1343532780550746114,0,NULL,'2021-03-07 11:33:10',NULL,2,'sys-param-del','删除参数','sys:param:del',NULL,NULL,1,'',2);
insert  into `t_sys_resource`(`id`,`sys_flag`,`del_flag`,`create_at`,`update_at`,`type`,`name`,`title`,`permission`,`path`,`component`,`cache`,`icon`,`sort`) values (1343532862503251969,0,NULL,'2021-03-07 11:33:10',NULL,2,'sys-param-edit','修改参数','sys:param:edit',NULL,NULL,1,'',3);
insert  into `t_sys_resource`(`id`,`sys_flag`,`del_flag`,`create_at`,`update_at`,`type`,`name`,`title`,`permission`,`path`,`component`,`cache`,`icon`,`sort`) values (1343533013653385218,0,NULL,'2021-03-07 11:33:10',NULL,2,'sys-param-view','查看参数','sys:param:view',NULL,NULL,1,'',4);
insert  into `t_sys_resource`(`id`,`sys_flag`,`del_flag`,`create_at`,`update_at`,`type`,`name`,`title`,`permission`,`path`,`component`,`cache`,`icon`,`sort`) values (1343570650825093121,0,NULL,'2021-03-07 11:33:10',NULL,1,'sys-dict','字典维护','sys:dict','/sys/dict','/sys/views/dict',1,'book',0);
insert  into `t_sys_resource`(`id`,`sys_flag`,`del_flag`,`create_at`,`update_at`,`type`,`name`,`title`,`permission`,`path`,`component`,`cache`,`icon`,`sort`) values (1343581816360112129,0,NULL,'2021-03-07 11:33:10',NULL,2,'sys-dict-edit','修改字典','sys:dict:edit',NULL,NULL,1,'',3);
insert  into `t_sys_resource`(`id`,`sys_flag`,`del_flag`,`create_at`,`update_at`,`type`,`name`,`title`,`permission`,`path`,`component`,`cache`,`icon`,`sort`) values (1343870166128156674,0,NULL,'2021-03-07 11:33:10',NULL,2,'sys-dict-add','新增字典','sys:dict:add','','',1,'',1);
insert  into `t_sys_resource`(`id`,`sys_flag`,`del_flag`,`create_at`,`update_at`,`type`,`name`,`title`,`permission`,`path`,`component`,`cache`,`icon`,`sort`) values (1343870278812327938,0,NULL,'2021-03-07 11:33:10',NULL,2,'sys-dict-del','删除字典','sys:dict:del','','',1,'',2);
insert  into `t_sys_resource`(`id`,`sys_flag`,`del_flag`,`create_at`,`update_at`,`type`,`name`,`title`,`permission`,`path`,`component`,`cache`,`icon`,`sort`) values (1343870438585950210,0,NULL,'2021-03-07 11:33:10',NULL,2,'sys-dict-view','查看字典','sys:dict:view','','',1,'',4);
insert  into `t_sys_resource`(`id`,`sys_flag`,`del_flag`,`create_at`,`update_at`,`type`,`name`,`title`,`permission`,`path`,`component`,`cache`,`icon`,`sort`) values (1348924458774077442,0,NULL,'2021-03-07 11:33:10',NULL,1,'sys-doc','接口文档','','','',1,'map-o',1000);
insert  into `t_sys_resource`(`id`,`sys_flag`,`del_flag`,`create_at`,`update_at`,`type`,`name`,`title`,`permission`,`path`,`component`,`cache`,`icon`,`sort`) values (1348925135726354433,0,NULL,'2021-03-07 11:33:10',NULL,1,'doc-knife4j','knife4j-ui','','http://admin-demo.etcd.ltd/api/doc.html','',1,'share-square-o',1);
insert  into `t_sys_resource`(`id`,`sys_flag`,`del_flag`,`create_at`,`update_at`,`type`,`name`,`title`,`permission`,`path`,`component`,`cache`,`icon`,`sort`) values (1348925793997201409,0,NULL,'2021-03-07 11:33:10',NULL,1,'doc-swagger','swagger-ui','','http://admin-demo.etcd.ltd/api/swagger-ui.html','',1,'share-square-o',2);
insert  into `t_sys_resource`(`id`,`sys_flag`,`del_flag`,`create_at`,`update_at`,`type`,`name`,`title`,`permission`,`path`,`component`,`cache`,`icon`,`sort`) values (1351757595430363137,0,NULL,'2021-03-07 11:33:10',NULL,1,'sys-schedule','任务调度','','/sys/schedule','',1,'clock-o',900);
insert  into `t_sys_resource`(`id`,`sys_flag`,`del_flag`,`create_at`,`update_at`,`type`,`name`,`title`,`permission`,`path`,`component`,`cache`,`icon`,`sort`) values (1351758746280271873,0,NULL,'2021-03-07 11:33:10',NULL,1,'schedule-job','任务管理','','/schedule/job','/schedule/views/job',1,'calendar',0);
insert  into `t_sys_resource`(`id`,`sys_flag`,`del_flag`,`create_at`,`update_at`,`type`,`name`,`title`,`permission`,`path`,`component`,`cache`,`icon`,`sort`) values (1351766782407352321,0,NULL,'2021-03-07 11:33:10',NULL,2,'sys-job-add','新增','sys:job:add','','',1,'',1);
insert  into `t_sys_resource`(`id`,`sys_flag`,`del_flag`,`create_at`,`update_at`,`type`,`name`,`title`,`permission`,`path`,`component`,`cache`,`icon`,`sort`) values (1351766873427943426,0,NULL,'2021-03-07 11:33:10',NULL,2,'sys-job-del','删除','sys:job:del','','',1,'',2);
insert  into `t_sys_resource`(`id`,`sys_flag`,`del_flag`,`create_at`,`update_at`,`type`,`name`,`title`,`permission`,`path`,`component`,`cache`,`icon`,`sort`) values (1351767001136111618,0,NULL,'2021-03-07 11:33:10',NULL,2,'sys-job-edit','修改','sys:job:edit','','',1,'',3);
insert  into `t_sys_resource`(`id`,`sys_flag`,`del_flag`,`create_at`,`update_at`,`type`,`name`,`title`,`permission`,`path`,`component`,`cache`,`icon`,`sort`) values (1351767150990204930,0,NULL,'2021-03-07 11:33:10',NULL,2,'sys-job-view','查看','sys:job:view','','',1,'',4);
insert  into `t_sys_resource`(`id`,`sys_flag`,`del_flag`,`create_at`,`update_at`,`type`,`name`,`title`,`permission`,`path`,`component`,`cache`,`icon`,`sort`) values (1351916938809315329,0,NULL,'2021-03-07 11:33:10',NULL,2,'sys-job-action','调度','sys:job:action','','',1,'',99);
insert  into `t_sys_resource`(`id`,`sys_flag`,`del_flag`,`create_at`,`update_at`,`type`,`name`,`title`,`permission`,`path`,`component`,`cache`,`icon`,`sort`) values (1353690207405219841,0,NULL,'2021-03-07 11:33:10',NULL,1,'schedule-job-log','任务日志',NULL,'/schedule/job-log','/schedule/views/job-log',1,'history',2);
insert  into `t_sys_resource`(`id`,`sys_flag`,`del_flag`,`create_at`,`update_at`,`type`,`name`,`title`,`permission`,`path`,`component`,`cache`,`icon`,`sort`) values (1353690495163834370,0,NULL,'2021-03-07 11:33:10',NULL,2,'sys-joblog-view','查看','sys:job-log:view',NULL,NULL,1,'',4);
insert  into `t_sys_resource`(`id`,`sys_flag`,`del_flag`,`create_at`,`update_at`,`type`,`name`,`title`,`permission`,`path`,`component`,`cache`,`icon`,`sort`) values (1353716092061724673,0,NULL,'2021-03-07 11:33:10',NULL,2,'sys-job-log-del','删除','sys:job-log:del',NULL,NULL,1,'',2);
insert  into `t_sys_resource`(`id`,`sys_flag`,`del_flag`,`create_at`,`update_at`,`type`,`name`,`title`,`permission`,`path`,`component`,`cache`,`icon`,`sort`) values (1364886578686709761,0,NULL,'2021-03-07 11:33:10','2021-03-07 23:04:11',1,'ureport','报表管理','','/sys/ureport','',1,'line-chart',500);
insert  into `t_sys_resource`(`id`,`sys_flag`,`del_flag`,`create_at`,`update_at`,`type`,`name`,`title`,`permission`,`path`,`component`,`cache`,`icon`,`sort`) values (1364888492400824322,0,NULL,'2021-03-07 11:33:10','2021-03-07 23:07:51',2,'sys-ureports-view','查看','sys:ureports:view','','',1,'',4);
insert  into `t_sys_resource`(`id`,`sys_flag`,`del_flag`,`create_at`,`update_at`,`type`,`name`,`title`,`permission`,`path`,`component`,`cache`,`icon`,`sort`) values (1364889597423767554,0,NULL,'2021-03-07 11:33:10','2021-03-07 23:08:11',2,'sys-ureports-design','报表设计','sys:ureports:design','','',1,'',5);
insert  into `t_sys_resource`(`id`,`sys_flag`,`del_flag`,`create_at`,`update_at`,`type`,`name`,`title`,`permission`,`path`,`component`,`cache`,`icon`,`sort`) values (1364889902488080385,0,NULL,'2021-03-07 11:33:10','2021-03-07 23:07:14',2,'sys-ureports-del','删除','sys:ureports:del','','',1,'',2);
insert  into `t_sys_resource`(`id`,`sys_flag`,`del_flag`,`create_at`,`update_at`,`type`,`name`,`title`,`permission`,`path`,`component`,`cache`,`icon`,`sort`) values (1364890082616659970,0,NULL,'2021-03-07 11:33:10','2021-03-07 23:08:39',2,'sys-ureports-preview','预览','sys:ureports:preview','','',1,'',6);
insert  into `t_sys_resource`(`id`,`sys_flag`,`del_flag`,`create_at`,`update_at`,`type`,`name`,`title`,`permission`,`path`,`component`,`cache`,`icon`,`sort`) values (1366631883937415169,0,NULL,'2021-03-07 11:33:10','2021-03-07 23:08:49',2,'sys-ureports-export','导出','sys:ureports:export','','',1,'',7);
insert  into `t_sys_resource`(`id`,`sys_flag`,`del_flag`,`create_at`,`update_at`,`type`,`name`,`title`,`permission`,`path`,`component`,`cache`,`icon`,`sort`) values (1368574839074447361,0,NULL,'2021-03-07 22:50:43','2021-03-07 22:57:30',1,'ureport-designer','设计视图','sys:ureports:design','/ureport/designer','/ureport/views/designer',1,'file-text',0);
insert  into `t_sys_resource`(`id`,`sys_flag`,`del_flag`,`create_at`,`update_at`,`type`,`name`,`title`,`permission`,`path`,`component`,`cache`,`icon`,`sort`) values (1368578834799124482,0,NULL,'2021-03-07 23:06:36',NULL,1,'ureport-files','文件管理',NULL,'/ureport/ur-file','/ureport/views/ureport-file',1,'file-code-o',0);
insert  into `t_sys_resource`(`id`,`sys_flag`,`del_flag`,`create_at`,`update_at`,`type`,`name`,`title`,`permission`,`path`,`component`,`cache`,`icon`,`sort`) values (1368581091867353090,0,NULL,'2021-03-07 23:15:34',NULL,3,'ureport-preview','预览视图','sys:ureports:preview','/ureport/preview','/ureport/views/preview',1,'',1);

/*Data for the table `t_sys_resource_grantee` */

insert  into `t_sys_resource_grantee`(`role_id`,`resource_id`) values (1338178645550809090,0);
insert  into `t_sys_resource_grantee`(`role_id`,`resource_id`) values (1338178645550809090,10010000001);
insert  into `t_sys_resource_grantee`(`role_id`,`resource_id`) values (1338178645550809090,10010000002);
insert  into `t_sys_resource_grantee`(`role_id`,`resource_id`) values (1338178645550809090,10020000001);
insert  into `t_sys_resource_grantee`(`role_id`,`resource_id`) values (1338178645550809090,10030000001);
insert  into `t_sys_resource_grantee`(`role_id`,`resource_id`) values (1338178645550809090,20000000001);
insert  into `t_sys_resource_grantee`(`role_id`,`resource_id`) values (1338178645550809090,20000000002);
insert  into `t_sys_resource_grantee`(`role_id`,`resource_id`) values (1338178645550809090,20000000003);
insert  into `t_sys_resource_grantee`(`role_id`,`resource_id`) values (1338178645550809090,20000000004);
insert  into `t_sys_resource_grantee`(`role_id`,`resource_id`) values (1338178645550809090,1338793651296350209);
insert  into `t_sys_resource_grantee`(`role_id`,`resource_id`) values (1338178645550809090,1338795784578027521);
insert  into `t_sys_resource_grantee`(`role_id`,`resource_id`) values (1338178645550809090,1338795995027230721);
insert  into `t_sys_resource_grantee`(`role_id`,`resource_id`) values (1338178645550809090,1338796190397911041);
insert  into `t_sys_resource_grantee`(`role_id`,`resource_id`) values (1338178645550809090,1339095398288048129);
insert  into `t_sys_resource_grantee`(`role_id`,`resource_id`) values (1338178645550809090,1339095620003151874);
insert  into `t_sys_resource_grantee`(`role_id`,`resource_id`) values (1338178645550809090,1339141805648650242);
insert  into `t_sys_resource_grantee`(`role_id`,`resource_id`) values (1338178645550809090,1339141875248930817);
insert  into `t_sys_resource_grantee`(`role_id`,`resource_id`) values (1338178645550809090,1339141968685441026);
insert  into `t_sys_resource_grantee`(`role_id`,`resource_id`) values (1338178645550809090,1339142060758802434);
insert  into `t_sys_resource_grantee`(`role_id`,`resource_id`) values (1338178645550809090,1339142219286716418);
insert  into `t_sys_resource_grantee`(`role_id`,`resource_id`) values (1338178645550809090,1339615399885451265);
insert  into `t_sys_resource_grantee`(`role_id`,`resource_id`) values (1338178645550809090,1340676892001431553);
insert  into `t_sys_resource_grantee`(`role_id`,`resource_id`) values (1338178645550809090,1340701292788572161);
insert  into `t_sys_resource_grantee`(`role_id`,`resource_id`) values (1338178645550809090,1340701705814269954);
insert  into `t_sys_resource_grantee`(`role_id`,`resource_id`) values (1338178645550809090,1343529601356394498);
insert  into `t_sys_resource_grantee`(`role_id`,`resource_id`) values (1338178645550809090,1343532492112654338);
insert  into `t_sys_resource_grantee`(`role_id`,`resource_id`) values (1338178645550809090,1343532780550746114);
insert  into `t_sys_resource_grantee`(`role_id`,`resource_id`) values (1338178645550809090,1343532862503251969);
insert  into `t_sys_resource_grantee`(`role_id`,`resource_id`) values (1338178645550809090,1343533013653385218);
insert  into `t_sys_resource_grantee`(`role_id`,`resource_id`) values (1338178645550809090,1343570650825093121);
insert  into `t_sys_resource_grantee`(`role_id`,`resource_id`) values (1338178645550809090,1343581816360112129);
insert  into `t_sys_resource_grantee`(`role_id`,`resource_id`) values (1338178645550809090,1343870166128156674);
insert  into `t_sys_resource_grantee`(`role_id`,`resource_id`) values (1338178645550809090,1343870278812327938);
insert  into `t_sys_resource_grantee`(`role_id`,`resource_id`) values (1338178645550809090,1343870438585950210);
insert  into `t_sys_resource_grantee`(`role_id`,`resource_id`) values (1338178645550809090,1348924458774077442);
insert  into `t_sys_resource_grantee`(`role_id`,`resource_id`) values (1338178645550809090,1348925135726354433);
insert  into `t_sys_resource_grantee`(`role_id`,`resource_id`) values (1338178645550809090,1348925793997201409);
insert  into `t_sys_resource_grantee`(`role_id`,`resource_id`) values (1338178645550809090,1351757595430363137);
insert  into `t_sys_resource_grantee`(`role_id`,`resource_id`) values (1338178645550809090,1351758746280271873);
insert  into `t_sys_resource_grantee`(`role_id`,`resource_id`) values (1338178645550809090,1351766782407352321);
insert  into `t_sys_resource_grantee`(`role_id`,`resource_id`) values (1338178645550809090,1351766873427943426);
insert  into `t_sys_resource_grantee`(`role_id`,`resource_id`) values (1338178645550809090,1351767001136111618);
insert  into `t_sys_resource_grantee`(`role_id`,`resource_id`) values (1338178645550809090,1351767150990204930);
insert  into `t_sys_resource_grantee`(`role_id`,`resource_id`) values (1338178645550809090,1351916938809315329);
insert  into `t_sys_resource_grantee`(`role_id`,`resource_id`) values (1338178645550809090,1353690207405219841);
insert  into `t_sys_resource_grantee`(`role_id`,`resource_id`) values (1338178645550809090,1353690495163834370);
insert  into `t_sys_resource_grantee`(`role_id`,`resource_id`) values (1338178645550809090,1353716092061724673);
insert  into `t_sys_resource_grantee`(`role_id`,`resource_id`) values (1338178645550809090,1364886578686709761);
insert  into `t_sys_resource_grantee`(`role_id`,`resource_id`) values (1338178645550809090,1364888492400824322);
insert  into `t_sys_resource_grantee`(`role_id`,`resource_id`) values (1338178645550809090,1364889597423767554);
insert  into `t_sys_resource_grantee`(`role_id`,`resource_id`) values (1338178645550809090,1364889902488080385);
insert  into `t_sys_resource_grantee`(`role_id`,`resource_id`) values (1338178645550809090,1364890082616659970);
insert  into `t_sys_resource_grantee`(`role_id`,`resource_id`) values (1338178645550809090,1366631883937415169);
insert  into `t_sys_resource_grantee`(`role_id`,`resource_id`) values (1338178645550809090,1368574839074447361);
insert  into `t_sys_resource_grantee`(`role_id`,`resource_id`) values (1338178645550809090,1368578834799124482);
insert  into `t_sys_resource_grantee`(`role_id`,`resource_id`) values (1338178645550809090,1368581091867353090);

/*Data for the table `t_sys_role` */

insert  into `t_sys_role`(`id`,`sys_flag`,`del_flag`,`create_at`,`update_at`,`code`,`name`,`remarks`,`status`,`owner`) values (1338178645550809090,0,NULL,'2020-12-14 01:47:06',NULL,'admin','系统管理员',NULL,'0',NULL);

/*Data for the table `t_sys_role_grantee` */

insert  into `t_sys_role_grantee`(`id`,`sys_flag`,`del_flag`,`create_at`,`update_at`,`user_id`,`role_id`,`grant_type`) values (1,0,NULL,'2020-12-20 23:31:10','2020-12-21 02:13:44',1,1338178645550809090,'1');

/*Data for the table `t_sys_user` */

insert  into `t_sys_user`(`id`,`sys_flag`,`del_flag`,`create_by`,`create_at`,`update_by`,`update_at`,`username`,`password`,`salt`,`name`,`mail`,`mobile_phone`,`remarks`,`status`) values (1,1,NULL,NULL,'2020-10-29 15:51:39',NULL,NULL,'admin','$2a$10$OO/CElRgmt9nhFQsHDDs3ulWkTcZ5/4t09YVMVU9Y8AzDthkm6lWO',NULL,'管理员','power4j@outlook.com','18081020301','初始用户','0');

SET FOREIGN_KEY_CHECKS = 1;