--------------------------------------------------------
--  文件已创建 - 星期五-二月-12-2021   
--------------------------------------------------------
REM INSERTING into JIBOOT.QRTZ_BLOB_TRIGGERS
SET DEFINE OFF;
REM INSERTING into JIBOOT.QRTZ_CALENDARS
SET DEFINE OFF;
REM INSERTING into JIBOOT.QRTZ_CRON_TRIGGERS
SET DEFINE OFF;
Insert into JIBOOT.QRTZ_CRON_TRIGGERS (SCHED_NAME,TRIGGER_NAME,TRIGGER_GROUP,CRON_EXPRESSION,TIME_ZONE_ID) values ('quartzScheduler','trigger_1352319388749946882','测试','0 5/30 * * * ? *','Asia/Shanghai');
commit;
REM INSERTING into JIBOOT.QRTZ_FIRED_TRIGGERS
SET DEFINE OFF;
REM INSERTING into JIBOOT.QRTZ_JOB_DETAILS
SET DEFINE OFF;
Insert into JIBOOT.QRTZ_JOB_DETAILS (SCHED_NAME,JOB_NAME,JOB_GROUP,DESCRIPTION,JOB_CLASS_NAME,IS_DURABLE,IS_NONCONCURRENT,IS_UPDATE_DATA,REQUESTS_RECOVERY) values ('quartzScheduler','job_1352319388749946882','测试',null,'com.power4j.ji.common.schedule.quartz.job.QuartzJob','0','1','0','1');
commit;
REM INSERTING into JIBOOT.QRTZ_LOCKS
SET DEFINE OFF;
Insert into JIBOOT.QRTZ_LOCKS (SCHED_NAME,LOCK_NAME) values ('quartzScheduler','STATE_ACCESS');
Insert into JIBOOT.QRTZ_LOCKS (SCHED_NAME,LOCK_NAME) values ('quartzScheduler','TRIGGER_ACCESS');
commit;
REM INSERTING into JIBOOT.QRTZ_PAUSED_TRIGGER_GRPS
SET DEFINE OFF;
REM INSERTING into JIBOOT.QRTZ_SCHEDULER_STATE
SET DEFINE OFF;
Insert into JIBOOT.QRTZ_SCHEDULER_STATE (SCHED_NAME,INSTANCE_NAME,LAST_CHECKIN_TIME,CHECKIN_INTERVAL) values ('quartzScheduler','j-home1613108245735',1613108372841,5000);
commit;
REM INSERTING into JIBOOT.QRTZ_SIMPLE_TRIGGERS
SET DEFINE OFF;
REM INSERTING into JIBOOT.QRTZ_SIMPROP_TRIGGERS
SET DEFINE OFF;
REM INSERTING into JIBOOT.QRTZ_TRIGGERS
SET DEFINE OFF;
Insert into JIBOOT.QRTZ_TRIGGERS (SCHED_NAME,TRIGGER_NAME,TRIGGER_GROUP,JOB_NAME,JOB_GROUP,DESCRIPTION,NEXT_FIRE_TIME,PREV_FIRE_TIME,PRIORITY,TRIGGER_STATE,TRIGGER_TYPE,START_TIME,END_TIME,CALENDAR_NAME,MISFIRE_INSTR) values ('quartzScheduler','trigger_1352319388749946882','测试','job_1352319388749946882','测试',null,1613109900000,-1,5,'PAUSED','CRON',1613108246000,0,null,1);
commit;
REM INSERTING into JIBOOT.T_API_TOKEN
SET DEFINE OFF;
Insert into JIBOOT.T_API_TOKEN (ID,TOKEN,UUID,USERNAME,EXPIRE_IN,CREATE_AT,UPDATE_AT) values (1,'1234567890abcdef','2000','ops',to_date('13-1月 -30','DD-MON-RR'),to_date('30-11月-20','DD-MON-RR'),null);
Insert into JIBOOT.T_API_TOKEN (ID,TOKEN,UUID,USERNAME,EXPIRE_IN,CREATE_AT,UPDATE_AT) values (1355143437972762625,'dda6ae0d-19d4-4bda-b34f-ce3c738030c6','1','admin',to_date('30-1月 -21','DD-MON-RR'),to_date('29-1月 -21','DD-MON-RR'),null);
Insert into JIBOOT.T_API_TOKEN (ID,TOKEN,UUID,USERNAME,EXPIRE_IN,CREATE_AT,UPDATE_AT) values (1356628767934631938,'8c914422-bbad-4a24-b261-690726eec449','1','admin',to_date('03-2月 -21','DD-MON-RR'),to_date('02-2月 -21','DD-MON-RR'),null);
Insert into JIBOOT.T_API_TOKEN (ID,TOKEN,UUID,USERNAME,EXPIRE_IN,CREATE_AT,UPDATE_AT) values (1357255024967766017,'99a48cff-fb07-4f9d-b955-db88ffdb0fac','1','admin',to_date('05-2月 -21','DD-MON-RR'),to_date('04-2月 -21','DD-MON-RR'),null);
Insert into JIBOOT.T_API_TOKEN (ID,TOKEN,UUID,USERNAME,EXPIRE_IN,CREATE_AT,UPDATE_AT) values (1357658031089790978,'073e14a8-a34b-4dc9-832f-015a19da8033','1','admin',to_date('06-2月 -21','DD-MON-RR'),to_date('05-2月 -21','DD-MON-RR'),null);
Insert into JIBOOT.T_API_TOKEN (ID,TOKEN,UUID,USERNAME,EXPIRE_IN,CREATE_AT,UPDATE_AT) values (1360094956182671362,'d7e13e88-d320-4b04-acbb-ae34aa36e8b2','1','admin',to_date('13-2月 -21','DD-MON-RR'),to_date('12-2月 -21','DD-MON-RR'),null);
commit;
REM INSERTING into JIBOOT.T_RESOURCE_NODE
SET DEFINE OFF;
Insert into JIBOOT.T_RESOURCE_NODE (ANCESTOR,DESCENDANT,DISTANCE) values (0,0,0);
Insert into JIBOOT.T_RESOURCE_NODE (ANCESTOR,DESCENDANT,DISTANCE) values (0,10010000001,1);
Insert into JIBOOT.T_RESOURCE_NODE (ANCESTOR,DESCENDANT,DISTANCE) values (0,10010000002,2);
Insert into JIBOOT.T_RESOURCE_NODE (ANCESTOR,DESCENDANT,DISTANCE) values (0,10020000001,2);
Insert into JIBOOT.T_RESOURCE_NODE (ANCESTOR,DESCENDANT,DISTANCE) values (0,10030000001,3);
Insert into JIBOOT.T_RESOURCE_NODE (ANCESTOR,DESCENDANT,DISTANCE) values (0,20000000001,4);
Insert into JIBOOT.T_RESOURCE_NODE (ANCESTOR,DESCENDANT,DISTANCE) values (0,20000000002,4);
Insert into JIBOOT.T_RESOURCE_NODE (ANCESTOR,DESCENDANT,DISTANCE) values (0,20000000003,4);
Insert into JIBOOT.T_RESOURCE_NODE (ANCESTOR,DESCENDANT,DISTANCE) values (0,20000000004,4);
Insert into JIBOOT.T_RESOURCE_NODE (ANCESTOR,DESCENDANT,DISTANCE) values (0,1338793651296350209,2);
Insert into JIBOOT.T_RESOURCE_NODE (ANCESTOR,DESCENDANT,DISTANCE) values (0,1338795784578027521,3);
Insert into JIBOOT.T_RESOURCE_NODE (ANCESTOR,DESCENDANT,DISTANCE) values (0,1338795995027230721,3);
Insert into JIBOOT.T_RESOURCE_NODE (ANCESTOR,DESCENDANT,DISTANCE) values (0,1338796190397911041,3);
Insert into JIBOOT.T_RESOURCE_NODE (ANCESTOR,DESCENDANT,DISTANCE) values (0,1339095398288048129,3);
Insert into JIBOOT.T_RESOURCE_NODE (ANCESTOR,DESCENDANT,DISTANCE) values (0,1339095620003151874,3);
Insert into JIBOOT.T_RESOURCE_NODE (ANCESTOR,DESCENDANT,DISTANCE) values (0,1339141805648650242,3);
Insert into JIBOOT.T_RESOURCE_NODE (ANCESTOR,DESCENDANT,DISTANCE) values (0,1339141875248930817,3);
Insert into JIBOOT.T_RESOURCE_NODE (ANCESTOR,DESCENDANT,DISTANCE) values (0,1339141968685441026,3);
Insert into JIBOOT.T_RESOURCE_NODE (ANCESTOR,DESCENDANT,DISTANCE) values (0,1339142060758802434,3);
Insert into JIBOOT.T_RESOURCE_NODE (ANCESTOR,DESCENDANT,DISTANCE) values (0,1339142219286716418,3);
Insert into JIBOOT.T_RESOURCE_NODE (ANCESTOR,DESCENDANT,DISTANCE) values (0,1339615399885451265,2);
Insert into JIBOOT.T_RESOURCE_NODE (ANCESTOR,DESCENDANT,DISTANCE) values (0,1340676892001431553,3);
Insert into JIBOOT.T_RESOURCE_NODE (ANCESTOR,DESCENDANT,DISTANCE) values (0,1340701292788572161,4);
Insert into JIBOOT.T_RESOURCE_NODE (ANCESTOR,DESCENDANT,DISTANCE) values (0,1340701705814269954,4);
Insert into JIBOOT.T_RESOURCE_NODE (ANCESTOR,DESCENDANT,DISTANCE) values (0,1343529601356394498,3);
Insert into JIBOOT.T_RESOURCE_NODE (ANCESTOR,DESCENDANT,DISTANCE) values (0,1343532492112654338,4);
Insert into JIBOOT.T_RESOURCE_NODE (ANCESTOR,DESCENDANT,DISTANCE) values (0,1343532780550746114,4);
Insert into JIBOOT.T_RESOURCE_NODE (ANCESTOR,DESCENDANT,DISTANCE) values (0,1343532862503251969,4);
Insert into JIBOOT.T_RESOURCE_NODE (ANCESTOR,DESCENDANT,DISTANCE) values (0,1343533013653385218,4);
Insert into JIBOOT.T_RESOURCE_NODE (ANCESTOR,DESCENDANT,DISTANCE) values (0,1343570650825093121,3);
Insert into JIBOOT.T_RESOURCE_NODE (ANCESTOR,DESCENDANT,DISTANCE) values (0,1343581816360112129,4);
Insert into JIBOOT.T_RESOURCE_NODE (ANCESTOR,DESCENDANT,DISTANCE) values (0,1343870166128156674,4);
Insert into JIBOOT.T_RESOURCE_NODE (ANCESTOR,DESCENDANT,DISTANCE) values (0,1343870278812327938,4);
Insert into JIBOOT.T_RESOURCE_NODE (ANCESTOR,DESCENDANT,DISTANCE) values (0,1343870438585950210,4);
Insert into JIBOOT.T_RESOURCE_NODE (ANCESTOR,DESCENDANT,DISTANCE) values (0,1348924458774077442,1);
Insert into JIBOOT.T_RESOURCE_NODE (ANCESTOR,DESCENDANT,DISTANCE) values (0,1348925135726354433,3);
Insert into JIBOOT.T_RESOURCE_NODE (ANCESTOR,DESCENDANT,DISTANCE) values (0,1348925793997201409,3);
Insert into JIBOOT.T_RESOURCE_NODE (ANCESTOR,DESCENDANT,DISTANCE) values (0,1349425743373905921,3);
Insert into JIBOOT.T_RESOURCE_NODE (ANCESTOR,DESCENDANT,DISTANCE) values (0,1349426364743266305,3);
Insert into JIBOOT.T_RESOURCE_NODE (ANCESTOR,DESCENDANT,DISTANCE) values (0,1349435748647022594,4);
Insert into JIBOOT.T_RESOURCE_NODE (ANCESTOR,DESCENDANT,DISTANCE) values (0,1349436935140126722,4);
Insert into JIBOOT.T_RESOURCE_NODE (ANCESTOR,DESCENDANT,DISTANCE) values (0,1349437065104830466,5);
Insert into JIBOOT.T_RESOURCE_NODE (ANCESTOR,DESCENDANT,DISTANCE) values (0,1349437468294885378,4);
Insert into JIBOOT.T_RESOURCE_NODE (ANCESTOR,DESCENDANT,DISTANCE) values (0,1349437525706518530,5);
Insert into JIBOOT.T_RESOURCE_NODE (ANCESTOR,DESCENDANT,DISTANCE) values (0,1349437704006381569,4);
Insert into JIBOOT.T_RESOURCE_NODE (ANCESTOR,DESCENDANT,DISTANCE) values (0,1349438613876748290,4);
Insert into JIBOOT.T_RESOURCE_NODE (ANCESTOR,DESCENDANT,DISTANCE) values (0,1349440592250253313,4);
Insert into JIBOOT.T_RESOURCE_NODE (ANCESTOR,DESCENDANT,DISTANCE) values (0,1349445001235509250,3);
Insert into JIBOOT.T_RESOURCE_NODE (ANCESTOR,DESCENDANT,DISTANCE) values (0,1349445046840176642,3);
Insert into JIBOOT.T_RESOURCE_NODE (ANCESTOR,DESCENDANT,DISTANCE) values (0,1349445417704730625,3);
Insert into JIBOOT.T_RESOURCE_NODE (ANCESTOR,DESCENDANT,DISTANCE) values (0,1349445568901001218,4);
Insert into JIBOOT.T_RESOURCE_NODE (ANCESTOR,DESCENDANT,DISTANCE) values (0,1351757595430363137,2);
Insert into JIBOOT.T_RESOURCE_NODE (ANCESTOR,DESCENDANT,DISTANCE) values (0,1351758746280271873,3);
Insert into JIBOOT.T_RESOURCE_NODE (ANCESTOR,DESCENDANT,DISTANCE) values (0,1351766782407352321,4);
Insert into JIBOOT.T_RESOURCE_NODE (ANCESTOR,DESCENDANT,DISTANCE) values (0,1351766873427943426,4);
Insert into JIBOOT.T_RESOURCE_NODE (ANCESTOR,DESCENDANT,DISTANCE) values (0,1351767001136111618,4);
Insert into JIBOOT.T_RESOURCE_NODE (ANCESTOR,DESCENDANT,DISTANCE) values (0,1351767150990204930,4);
Insert into JIBOOT.T_RESOURCE_NODE (ANCESTOR,DESCENDANT,DISTANCE) values (0,1351916938809315329,4);
Insert into JIBOOT.T_RESOURCE_NODE (ANCESTOR,DESCENDANT,DISTANCE) values (0,1353690207405219841,3);
Insert into JIBOOT.T_RESOURCE_NODE (ANCESTOR,DESCENDANT,DISTANCE) values (0,1353690495163834370,4);
Insert into JIBOOT.T_RESOURCE_NODE (ANCESTOR,DESCENDANT,DISTANCE) values (0,1353716092061724673,4);
Insert into JIBOOT.T_RESOURCE_NODE (ANCESTOR,DESCENDANT,DISTANCE) values (10010000001,10010000001,0);
Insert into JIBOOT.T_RESOURCE_NODE (ANCESTOR,DESCENDANT,DISTANCE) values (10010000001,10020000001,1);
Insert into JIBOOT.T_RESOURCE_NODE (ANCESTOR,DESCENDANT,DISTANCE) values (10010000001,10030000001,2);
Insert into JIBOOT.T_RESOURCE_NODE (ANCESTOR,DESCENDANT,DISTANCE) values (10010000001,20000000001,3);
Insert into JIBOOT.T_RESOURCE_NODE (ANCESTOR,DESCENDANT,DISTANCE) values (10010000001,20000000002,3);
Insert into JIBOOT.T_RESOURCE_NODE (ANCESTOR,DESCENDANT,DISTANCE) values (10010000001,20000000003,3);
Insert into JIBOOT.T_RESOURCE_NODE (ANCESTOR,DESCENDANT,DISTANCE) values (10010000001,20000000004,3);
Insert into JIBOOT.T_RESOURCE_NODE (ANCESTOR,DESCENDANT,DISTANCE) values (10010000001,1338796190397911041,2);
Insert into JIBOOT.T_RESOURCE_NODE (ANCESTOR,DESCENDANT,DISTANCE) values (10010000001,1339615399885451265,1);
Insert into JIBOOT.T_RESOURCE_NODE (ANCESTOR,DESCENDANT,DISTANCE) values (10010000001,1340676892001431553,2);
Insert into JIBOOT.T_RESOURCE_NODE (ANCESTOR,DESCENDANT,DISTANCE) values (10010000001,1340701292788572161,3);
Insert into JIBOOT.T_RESOURCE_NODE (ANCESTOR,DESCENDANT,DISTANCE) values (10010000001,1340701705814269954,3);
Insert into JIBOOT.T_RESOURCE_NODE (ANCESTOR,DESCENDANT,DISTANCE) values (10010000001,1343529601356394498,2);
Insert into JIBOOT.T_RESOURCE_NODE (ANCESTOR,DESCENDANT,DISTANCE) values (10010000001,1343532492112654338,3);
Insert into JIBOOT.T_RESOURCE_NODE (ANCESTOR,DESCENDANT,DISTANCE) values (10010000001,1343532780550746114,3);
Insert into JIBOOT.T_RESOURCE_NODE (ANCESTOR,DESCENDANT,DISTANCE) values (10010000001,1343532862503251969,3);
Insert into JIBOOT.T_RESOURCE_NODE (ANCESTOR,DESCENDANT,DISTANCE) values (10010000001,1343533013653385218,3);
Insert into JIBOOT.T_RESOURCE_NODE (ANCESTOR,DESCENDANT,DISTANCE) values (10010000001,1343570650825093121,2);
Insert into JIBOOT.T_RESOURCE_NODE (ANCESTOR,DESCENDANT,DISTANCE) values (10010000001,1343581816360112129,3);
Insert into JIBOOT.T_RESOURCE_NODE (ANCESTOR,DESCENDANT,DISTANCE) values (10010000001,1343870166128156674,3);
Insert into JIBOOT.T_RESOURCE_NODE (ANCESTOR,DESCENDANT,DISTANCE) values (10010000001,1343870278812327938,3);
Insert into JIBOOT.T_RESOURCE_NODE (ANCESTOR,DESCENDANT,DISTANCE) values (10010000001,1343870438585950210,3);
Insert into JIBOOT.T_RESOURCE_NODE (ANCESTOR,DESCENDANT,DISTANCE) values (10010000001,1348925135726354433,2);
Insert into JIBOOT.T_RESOURCE_NODE (ANCESTOR,DESCENDANT,DISTANCE) values (10010000001,1348925793997201409,2);
Insert into JIBOOT.T_RESOURCE_NODE (ANCESTOR,DESCENDANT,DISTANCE) values (10010000001,1349425743373905921,2);
Insert into JIBOOT.T_RESOURCE_NODE (ANCESTOR,DESCENDANT,DISTANCE) values (10010000001,1349426364743266305,2);
Insert into JIBOOT.T_RESOURCE_NODE (ANCESTOR,DESCENDANT,DISTANCE) values (10010000001,1349435748647022594,3);
Insert into JIBOOT.T_RESOURCE_NODE (ANCESTOR,DESCENDANT,DISTANCE) values (10010000001,1349436935140126722,3);
Insert into JIBOOT.T_RESOURCE_NODE (ANCESTOR,DESCENDANT,DISTANCE) values (10010000001,1349437065104830466,4);
Insert into JIBOOT.T_RESOURCE_NODE (ANCESTOR,DESCENDANT,DISTANCE) values (10010000001,1349437468294885378,3);
Insert into JIBOOT.T_RESOURCE_NODE (ANCESTOR,DESCENDANT,DISTANCE) values (10010000001,1349437525706518530,4);
Insert into JIBOOT.T_RESOURCE_NODE (ANCESTOR,DESCENDANT,DISTANCE) values (10010000001,1349437704006381569,3);
Insert into JIBOOT.T_RESOURCE_NODE (ANCESTOR,DESCENDANT,DISTANCE) values (10010000001,1349438613876748290,3);
Insert into JIBOOT.T_RESOURCE_NODE (ANCESTOR,DESCENDANT,DISTANCE) values (10010000001,1349440592250253313,3);
Insert into JIBOOT.T_RESOURCE_NODE (ANCESTOR,DESCENDANT,DISTANCE) values (10010000001,1349445001235509250,2);
Insert into JIBOOT.T_RESOURCE_NODE (ANCESTOR,DESCENDANT,DISTANCE) values (10010000001,1349445046840176642,2);
Insert into JIBOOT.T_RESOURCE_NODE (ANCESTOR,DESCENDANT,DISTANCE) values (10010000001,1349445417704730625,2);
Insert into JIBOOT.T_RESOURCE_NODE (ANCESTOR,DESCENDANT,DISTANCE) values (10010000001,1349445568901001218,3);
Insert into JIBOOT.T_RESOURCE_NODE (ANCESTOR,DESCENDANT,DISTANCE) values (10010000001,1351757595430363137,1);
commit;
Insert into JIBOOT.T_RESOURCE_NODE (ANCESTOR,DESCENDANT,DISTANCE) values (10010000001,1351758746280271873,2);
Insert into JIBOOT.T_RESOURCE_NODE (ANCESTOR,DESCENDANT,DISTANCE) values (10010000001,1351766782407352321,3);
Insert into JIBOOT.T_RESOURCE_NODE (ANCESTOR,DESCENDANT,DISTANCE) values (10010000001,1351766873427943426,3);
Insert into JIBOOT.T_RESOURCE_NODE (ANCESTOR,DESCENDANT,DISTANCE) values (10010000001,1351767001136111618,3);
Insert into JIBOOT.T_RESOURCE_NODE (ANCESTOR,DESCENDANT,DISTANCE) values (10010000001,1351767150990204930,3);
Insert into JIBOOT.T_RESOURCE_NODE (ANCESTOR,DESCENDANT,DISTANCE) values (10010000001,1351916938809315329,3);
Insert into JIBOOT.T_RESOURCE_NODE (ANCESTOR,DESCENDANT,DISTANCE) values (10010000001,1353690207405219841,2);
Insert into JIBOOT.T_RESOURCE_NODE (ANCESTOR,DESCENDANT,DISTANCE) values (10010000001,1353690495163834370,3);
Insert into JIBOOT.T_RESOURCE_NODE (ANCESTOR,DESCENDANT,DISTANCE) values (10010000001,1353716092061724673,3);
Insert into JIBOOT.T_RESOURCE_NODE (ANCESTOR,DESCENDANT,DISTANCE) values (10010000002,10010000002,0);
Insert into JIBOOT.T_RESOURCE_NODE (ANCESTOR,DESCENDANT,DISTANCE) values (10010000002,1339141805648650242,1);
Insert into JIBOOT.T_RESOURCE_NODE (ANCESTOR,DESCENDANT,DISTANCE) values (10010000002,1339141875248930817,1);
Insert into JIBOOT.T_RESOURCE_NODE (ANCESTOR,DESCENDANT,DISTANCE) values (10010000002,1339141968685441026,1);
Insert into JIBOOT.T_RESOURCE_NODE (ANCESTOR,DESCENDANT,DISTANCE) values (10010000002,1339142060758802434,1);
Insert into JIBOOT.T_RESOURCE_NODE (ANCESTOR,DESCENDANT,DISTANCE) values (10010000002,1339142219286716418,1);
Insert into JIBOOT.T_RESOURCE_NODE (ANCESTOR,DESCENDANT,DISTANCE) values (10020000001,10010000002,1);
Insert into JIBOOT.T_RESOURCE_NODE (ANCESTOR,DESCENDANT,DISTANCE) values (10020000001,10020000001,0);
Insert into JIBOOT.T_RESOURCE_NODE (ANCESTOR,DESCENDANT,DISTANCE) values (10020000001,20000000001,2);
Insert into JIBOOT.T_RESOURCE_NODE (ANCESTOR,DESCENDANT,DISTANCE) values (10020000001,20000000002,2);
Insert into JIBOOT.T_RESOURCE_NODE (ANCESTOR,DESCENDANT,DISTANCE) values (10020000001,20000000003,2);
Insert into JIBOOT.T_RESOURCE_NODE (ANCESTOR,DESCENDANT,DISTANCE) values (10020000001,20000000004,2);
Insert into JIBOOT.T_RESOURCE_NODE (ANCESTOR,DESCENDANT,DISTANCE) values (10020000001,1338793651296350209,1);
Insert into JIBOOT.T_RESOURCE_NODE (ANCESTOR,DESCENDANT,DISTANCE) values (10020000001,1338795784578027521,2);
Insert into JIBOOT.T_RESOURCE_NODE (ANCESTOR,DESCENDANT,DISTANCE) values (10020000001,1338795995027230721,2);
Insert into JIBOOT.T_RESOURCE_NODE (ANCESTOR,DESCENDANT,DISTANCE) values (10020000001,1339095398288048129,2);
Insert into JIBOOT.T_RESOURCE_NODE (ANCESTOR,DESCENDANT,DISTANCE) values (10020000001,1339095620003151874,2);
Insert into JIBOOT.T_RESOURCE_NODE (ANCESTOR,DESCENDANT,DISTANCE) values (10020000001,1339141805648650242,2);
Insert into JIBOOT.T_RESOURCE_NODE (ANCESTOR,DESCENDANT,DISTANCE) values (10020000001,1339141875248930817,2);
Insert into JIBOOT.T_RESOURCE_NODE (ANCESTOR,DESCENDANT,DISTANCE) values (10020000001,1339141968685441026,2);
Insert into JIBOOT.T_RESOURCE_NODE (ANCESTOR,DESCENDANT,DISTANCE) values (10020000001,1339142060758802434,2);
Insert into JIBOOT.T_RESOURCE_NODE (ANCESTOR,DESCENDANT,DISTANCE) values (10020000001,1339142219286716418,2);
Insert into JIBOOT.T_RESOURCE_NODE (ANCESTOR,DESCENDANT,DISTANCE) values (10020000001,1340676892001431553,1);
Insert into JIBOOT.T_RESOURCE_NODE (ANCESTOR,DESCENDANT,DISTANCE) values (10020000001,1340701292788572161,2);
Insert into JIBOOT.T_RESOURCE_NODE (ANCESTOR,DESCENDANT,DISTANCE) values (10020000001,1340701705814269954,2);
Insert into JIBOOT.T_RESOURCE_NODE (ANCESTOR,DESCENDANT,DISTANCE) values (10020000001,1349445417704730625,1);
Insert into JIBOOT.T_RESOURCE_NODE (ANCESTOR,DESCENDANT,DISTANCE) values (10020000001,1349445568901001218,2);
Insert into JIBOOT.T_RESOURCE_NODE (ANCESTOR,DESCENDANT,DISTANCE) values (10030000001,10030000001,0);
Insert into JIBOOT.T_RESOURCE_NODE (ANCESTOR,DESCENDANT,DISTANCE) values (10030000001,20000000001,1);
Insert into JIBOOT.T_RESOURCE_NODE (ANCESTOR,DESCENDANT,DISTANCE) values (10030000001,20000000002,1);
Insert into JIBOOT.T_RESOURCE_NODE (ANCESTOR,DESCENDANT,DISTANCE) values (10030000001,20000000003,1);
Insert into JIBOOT.T_RESOURCE_NODE (ANCESTOR,DESCENDANT,DISTANCE) values (10030000001,20000000004,1);
Insert into JIBOOT.T_RESOURCE_NODE (ANCESTOR,DESCENDANT,DISTANCE) values (20000000001,20000000001,0);
Insert into JIBOOT.T_RESOURCE_NODE (ANCESTOR,DESCENDANT,DISTANCE) values (20000000002,20000000002,0);
Insert into JIBOOT.T_RESOURCE_NODE (ANCESTOR,DESCENDANT,DISTANCE) values (20000000003,20000000003,0);
Insert into JIBOOT.T_RESOURCE_NODE (ANCESTOR,DESCENDANT,DISTANCE) values (20000000004,20000000004,0);
Insert into JIBOOT.T_RESOURCE_NODE (ANCESTOR,DESCENDANT,DISTANCE) values (1338793651296350209,1338793651296350209,0);
Insert into JIBOOT.T_RESOURCE_NODE (ANCESTOR,DESCENDANT,DISTANCE) values (1338793651296350209,1338795784578027521,1);
Insert into JIBOOT.T_RESOURCE_NODE (ANCESTOR,DESCENDANT,DISTANCE) values (1338793651296350209,1338795995027230721,1);
Insert into JIBOOT.T_RESOURCE_NODE (ANCESTOR,DESCENDANT,DISTANCE) values (1338793651296350209,1338796190397911041,1);
Insert into JIBOOT.T_RESOURCE_NODE (ANCESTOR,DESCENDANT,DISTANCE) values (1338793651296350209,1339095398288048129,1);
Insert into JIBOOT.T_RESOURCE_NODE (ANCESTOR,DESCENDANT,DISTANCE) values (1338793651296350209,1339095620003151874,1);
Insert into JIBOOT.T_RESOURCE_NODE (ANCESTOR,DESCENDANT,DISTANCE) values (1338795784578027521,1338795784578027521,0);
Insert into JIBOOT.T_RESOURCE_NODE (ANCESTOR,DESCENDANT,DISTANCE) values (1338795995027230721,1338795995027230721,0);
Insert into JIBOOT.T_RESOURCE_NODE (ANCESTOR,DESCENDANT,DISTANCE) values (1338796190397911041,1338796190397911041,0);
Insert into JIBOOT.T_RESOURCE_NODE (ANCESTOR,DESCENDANT,DISTANCE) values (1339095398288048129,1339095398288048129,0);
Insert into JIBOOT.T_RESOURCE_NODE (ANCESTOR,DESCENDANT,DISTANCE) values (1339095620003151874,1339095620003151874,0);
Insert into JIBOOT.T_RESOURCE_NODE (ANCESTOR,DESCENDANT,DISTANCE) values (1339141805648650242,1339141805648650242,0);
Insert into JIBOOT.T_RESOURCE_NODE (ANCESTOR,DESCENDANT,DISTANCE) values (1339141875248930817,1339141875248930817,0);
Insert into JIBOOT.T_RESOURCE_NODE (ANCESTOR,DESCENDANT,DISTANCE) values (1339141968685441026,1339141968685441026,0);
Insert into JIBOOT.T_RESOURCE_NODE (ANCESTOR,DESCENDANT,DISTANCE) values (1339142060758802434,1339142060758802434,0);
Insert into JIBOOT.T_RESOURCE_NODE (ANCESTOR,DESCENDANT,DISTANCE) values (1339142219286716418,1339142219286716418,0);
Insert into JIBOOT.T_RESOURCE_NODE (ANCESTOR,DESCENDANT,DISTANCE) values (1339615399885451265,10030000001,1);
Insert into JIBOOT.T_RESOURCE_NODE (ANCESTOR,DESCENDANT,DISTANCE) values (1339615399885451265,1339615399885451265,0);
Insert into JIBOOT.T_RESOURCE_NODE (ANCESTOR,DESCENDANT,DISTANCE) values (1339615399885451265,1343529601356394498,1);
Insert into JIBOOT.T_RESOURCE_NODE (ANCESTOR,DESCENDANT,DISTANCE) values (1339615399885451265,1343532492112654338,2);
Insert into JIBOOT.T_RESOURCE_NODE (ANCESTOR,DESCENDANT,DISTANCE) values (1339615399885451265,1343532780550746114,2);
Insert into JIBOOT.T_RESOURCE_NODE (ANCESTOR,DESCENDANT,DISTANCE) values (1339615399885451265,1343532862503251969,2);
Insert into JIBOOT.T_RESOURCE_NODE (ANCESTOR,DESCENDANT,DISTANCE) values (1339615399885451265,1343533013653385218,2);
Insert into JIBOOT.T_RESOURCE_NODE (ANCESTOR,DESCENDANT,DISTANCE) values (1339615399885451265,1343570650825093121,1);
Insert into JIBOOT.T_RESOURCE_NODE (ANCESTOR,DESCENDANT,DISTANCE) values (1339615399885451265,1343581816360112129,2);
Insert into JIBOOT.T_RESOURCE_NODE (ANCESTOR,DESCENDANT,DISTANCE) values (1339615399885451265,1343870166128156674,2);
Insert into JIBOOT.T_RESOURCE_NODE (ANCESTOR,DESCENDANT,DISTANCE) values (1339615399885451265,1343870278812327938,2);
Insert into JIBOOT.T_RESOURCE_NODE (ANCESTOR,DESCENDANT,DISTANCE) values (1339615399885451265,1343870438585950210,2);
Insert into JIBOOT.T_RESOURCE_NODE (ANCESTOR,DESCENDANT,DISTANCE) values (1340676892001431553,1340676892001431553,0);
Insert into JIBOOT.T_RESOURCE_NODE (ANCESTOR,DESCENDANT,DISTANCE) values (1340676892001431553,1340701292788572161,1);
Insert into JIBOOT.T_RESOURCE_NODE (ANCESTOR,DESCENDANT,DISTANCE) values (1340676892001431553,1340701705814269954,1);
Insert into JIBOOT.T_RESOURCE_NODE (ANCESTOR,DESCENDANT,DISTANCE) values (1340701292788572161,1340701292788572161,0);
Insert into JIBOOT.T_RESOURCE_NODE (ANCESTOR,DESCENDANT,DISTANCE) values (1340701705814269954,1340701705814269954,0);
Insert into JIBOOT.T_RESOURCE_NODE (ANCESTOR,DESCENDANT,DISTANCE) values (1343529601356394498,1343529601356394498,0);
Insert into JIBOOT.T_RESOURCE_NODE (ANCESTOR,DESCENDANT,DISTANCE) values (1343529601356394498,1343532492112654338,1);
Insert into JIBOOT.T_RESOURCE_NODE (ANCESTOR,DESCENDANT,DISTANCE) values (1343529601356394498,1343532780550746114,1);
Insert into JIBOOT.T_RESOURCE_NODE (ANCESTOR,DESCENDANT,DISTANCE) values (1343529601356394498,1343532862503251969,1);
Insert into JIBOOT.T_RESOURCE_NODE (ANCESTOR,DESCENDANT,DISTANCE) values (1343529601356394498,1343533013653385218,1);
Insert into JIBOOT.T_RESOURCE_NODE (ANCESTOR,DESCENDANT,DISTANCE) values (1343532492112654338,1343532492112654338,0);
Insert into JIBOOT.T_RESOURCE_NODE (ANCESTOR,DESCENDANT,DISTANCE) values (1343532780550746114,1343532780550746114,0);
Insert into JIBOOT.T_RESOURCE_NODE (ANCESTOR,DESCENDANT,DISTANCE) values (1343532862503251969,1343532862503251969,0);
Insert into JIBOOT.T_RESOURCE_NODE (ANCESTOR,DESCENDANT,DISTANCE) values (1343533013653385218,1343533013653385218,0);
Insert into JIBOOT.T_RESOURCE_NODE (ANCESTOR,DESCENDANT,DISTANCE) values (1343570650825093121,1343570650825093121,0);
Insert into JIBOOT.T_RESOURCE_NODE (ANCESTOR,DESCENDANT,DISTANCE) values (1343570650825093121,1343581816360112129,1);
Insert into JIBOOT.T_RESOURCE_NODE (ANCESTOR,DESCENDANT,DISTANCE) values (1343570650825093121,1343870166128156674,1);
Insert into JIBOOT.T_RESOURCE_NODE (ANCESTOR,DESCENDANT,DISTANCE) values (1343570650825093121,1343870278812327938,1);
Insert into JIBOOT.T_RESOURCE_NODE (ANCESTOR,DESCENDANT,DISTANCE) values (1343570650825093121,1343870438585950210,1);
Insert into JIBOOT.T_RESOURCE_NODE (ANCESTOR,DESCENDANT,DISTANCE) values (1343581816360112129,1343581816360112129,0);
Insert into JIBOOT.T_RESOURCE_NODE (ANCESTOR,DESCENDANT,DISTANCE) values (1343870166128156674,1343870166128156674,0);
Insert into JIBOOT.T_RESOURCE_NODE (ANCESTOR,DESCENDANT,DISTANCE) values (1343870278812327938,1343870278812327938,0);
Insert into JIBOOT.T_RESOURCE_NODE (ANCESTOR,DESCENDANT,DISTANCE) values (1343870438585950210,1343870438585950210,0);
Insert into JIBOOT.T_RESOURCE_NODE (ANCESTOR,DESCENDANT,DISTANCE) values (1348924458774077442,1348924458774077442,0);
Insert into JIBOOT.T_RESOURCE_NODE (ANCESTOR,DESCENDANT,DISTANCE) values (1348924458774077442,1348925135726354433,1);
Insert into JIBOOT.T_RESOURCE_NODE (ANCESTOR,DESCENDANT,DISTANCE) values (1348924458774077442,1348925793997201409,1);
Insert into JIBOOT.T_RESOURCE_NODE (ANCESTOR,DESCENDANT,DISTANCE) values (1348925135726354433,1348925135726354433,0);
commit;
Insert into JIBOOT.T_RESOURCE_NODE (ANCESTOR,DESCENDANT,DISTANCE) values (1348925793997201409,1348925793997201409,0);
Insert into JIBOOT.T_RESOURCE_NODE (ANCESTOR,DESCENDANT,DISTANCE) values (1349425179734945793,1349435748647022594,2);
Insert into JIBOOT.T_RESOURCE_NODE (ANCESTOR,DESCENDANT,DISTANCE) values (1349425179734945793,1349436935140126722,2);
Insert into JIBOOT.T_RESOURCE_NODE (ANCESTOR,DESCENDANT,DISTANCE) values (1349425179734945793,1349437065104830466,3);
Insert into JIBOOT.T_RESOURCE_NODE (ANCESTOR,DESCENDANT,DISTANCE) values (1349425179734945793,1349437468294885378,2);
Insert into JIBOOT.T_RESOURCE_NODE (ANCESTOR,DESCENDANT,DISTANCE) values (1349425179734945793,1349437525706518530,3);
Insert into JIBOOT.T_RESOURCE_NODE (ANCESTOR,DESCENDANT,DISTANCE) values (1349425179734945793,1349437704006381569,2);
Insert into JIBOOT.T_RESOURCE_NODE (ANCESTOR,DESCENDANT,DISTANCE) values (1349425179734945793,1349438613876748290,2);
Insert into JIBOOT.T_RESOURCE_NODE (ANCESTOR,DESCENDANT,DISTANCE) values (1349425179734945793,1349440592250253313,2);
Insert into JIBOOT.T_RESOURCE_NODE (ANCESTOR,DESCENDANT,DISTANCE) values (1349425179734945793,1349445001235509250,1);
Insert into JIBOOT.T_RESOURCE_NODE (ANCESTOR,DESCENDANT,DISTANCE) values (1349425179734945793,1349445046840176642,1);
Insert into JIBOOT.T_RESOURCE_NODE (ANCESTOR,DESCENDANT,DISTANCE) values (1349425495851249666,1349425743373905921,1);
Insert into JIBOOT.T_RESOURCE_NODE (ANCESTOR,DESCENDANT,DISTANCE) values (1349425495851249666,1349426364743266305,1);
Insert into JIBOOT.T_RESOURCE_NODE (ANCESTOR,DESCENDANT,DISTANCE) values (1349425743373905921,1349425743373905921,0);
Insert into JIBOOT.T_RESOURCE_NODE (ANCESTOR,DESCENDANT,DISTANCE) values (1349426364743266305,1349426364743266305,0);
Insert into JIBOOT.T_RESOURCE_NODE (ANCESTOR,DESCENDANT,DISTANCE) values (1349435664492507137,1349435748647022594,1);
Insert into JIBOOT.T_RESOURCE_NODE (ANCESTOR,DESCENDANT,DISTANCE) values (1349435748647022594,1349435748647022594,0);
Insert into JIBOOT.T_RESOURCE_NODE (ANCESTOR,DESCENDANT,DISTANCE) values (1349436888147144706,1349436935140126722,1);
Insert into JIBOOT.T_RESOURCE_NODE (ANCESTOR,DESCENDANT,DISTANCE) values (1349436888147144706,1349437065104830466,2);
Insert into JIBOOT.T_RESOURCE_NODE (ANCESTOR,DESCENDANT,DISTANCE) values (1349436935140126722,1349436935140126722,0);
Insert into JIBOOT.T_RESOURCE_NODE (ANCESTOR,DESCENDANT,DISTANCE) values (1349436935140126722,1349437065104830466,1);
Insert into JIBOOT.T_RESOURCE_NODE (ANCESTOR,DESCENDANT,DISTANCE) values (1349437065104830466,1349437065104830466,0);
Insert into JIBOOT.T_RESOURCE_NODE (ANCESTOR,DESCENDANT,DISTANCE) values (1349437415106916354,1349437468294885378,1);
Insert into JIBOOT.T_RESOURCE_NODE (ANCESTOR,DESCENDANT,DISTANCE) values (1349437415106916354,1349437525706518530,2);
Insert into JIBOOT.T_RESOURCE_NODE (ANCESTOR,DESCENDANT,DISTANCE) values (1349437468294885378,1349437468294885378,0);
Insert into JIBOOT.T_RESOURCE_NODE (ANCESTOR,DESCENDANT,DISTANCE) values (1349437468294885378,1349437525706518530,1);
Insert into JIBOOT.T_RESOURCE_NODE (ANCESTOR,DESCENDANT,DISTANCE) values (1349437525706518530,1349437525706518530,0);
Insert into JIBOOT.T_RESOURCE_NODE (ANCESTOR,DESCENDANT,DISTANCE) values (1349437660314316802,1349437704006381569,1);
Insert into JIBOOT.T_RESOURCE_NODE (ANCESTOR,DESCENDANT,DISTANCE) values (1349437704006381569,1349437704006381569,0);
Insert into JIBOOT.T_RESOURCE_NODE (ANCESTOR,DESCENDANT,DISTANCE) values (1349438552778321921,1349438613876748290,1);
Insert into JIBOOT.T_RESOURCE_NODE (ANCESTOR,DESCENDANT,DISTANCE) values (1349438613876748290,1349438613876748290,0);
Insert into JIBOOT.T_RESOURCE_NODE (ANCESTOR,DESCENDANT,DISTANCE) values (1349440544426799105,1349440592250253313,1);
Insert into JIBOOT.T_RESOURCE_NODE (ANCESTOR,DESCENDANT,DISTANCE) values (1349440592250253313,1349440592250253313,0);
Insert into JIBOOT.T_RESOURCE_NODE (ANCESTOR,DESCENDANT,DISTANCE) values (1349445001235509250,1349445001235509250,0);
Insert into JIBOOT.T_RESOURCE_NODE (ANCESTOR,DESCENDANT,DISTANCE) values (1349445046840176642,1349445046840176642,0);
Insert into JIBOOT.T_RESOURCE_NODE (ANCESTOR,DESCENDANT,DISTANCE) values (1349445417704730625,1349445417704730625,0);
Insert into JIBOOT.T_RESOURCE_NODE (ANCESTOR,DESCENDANT,DISTANCE) values (1349445417704730625,1349445568901001218,1);
Insert into JIBOOT.T_RESOURCE_NODE (ANCESTOR,DESCENDANT,DISTANCE) values (1349445568901001218,1349445568901001218,0);
Insert into JIBOOT.T_RESOURCE_NODE (ANCESTOR,DESCENDANT,DISTANCE) values (1351757595430363137,1351757595430363137,0);
Insert into JIBOOT.T_RESOURCE_NODE (ANCESTOR,DESCENDANT,DISTANCE) values (1351757595430363137,1351758746280271873,1);
Insert into JIBOOT.T_RESOURCE_NODE (ANCESTOR,DESCENDANT,DISTANCE) values (1351757595430363137,1351766782407352321,2);
Insert into JIBOOT.T_RESOURCE_NODE (ANCESTOR,DESCENDANT,DISTANCE) values (1351757595430363137,1351766873427943426,2);
Insert into JIBOOT.T_RESOURCE_NODE (ANCESTOR,DESCENDANT,DISTANCE) values (1351757595430363137,1351767001136111618,2);
Insert into JIBOOT.T_RESOURCE_NODE (ANCESTOR,DESCENDANT,DISTANCE) values (1351757595430363137,1351767150990204930,2);
Insert into JIBOOT.T_RESOURCE_NODE (ANCESTOR,DESCENDANT,DISTANCE) values (1351757595430363137,1351916938809315329,2);
Insert into JIBOOT.T_RESOURCE_NODE (ANCESTOR,DESCENDANT,DISTANCE) values (1351757595430363137,1353690207405219841,1);
Insert into JIBOOT.T_RESOURCE_NODE (ANCESTOR,DESCENDANT,DISTANCE) values (1351757595430363137,1353690495163834370,2);
Insert into JIBOOT.T_RESOURCE_NODE (ANCESTOR,DESCENDANT,DISTANCE) values (1351757595430363137,1353716092061724673,2);
Insert into JIBOOT.T_RESOURCE_NODE (ANCESTOR,DESCENDANT,DISTANCE) values (1351758746280271873,1351758746280271873,0);
Insert into JIBOOT.T_RESOURCE_NODE (ANCESTOR,DESCENDANT,DISTANCE) values (1351758746280271873,1351766782407352321,1);
Insert into JIBOOT.T_RESOURCE_NODE (ANCESTOR,DESCENDANT,DISTANCE) values (1351758746280271873,1351766873427943426,1);
Insert into JIBOOT.T_RESOURCE_NODE (ANCESTOR,DESCENDANT,DISTANCE) values (1351758746280271873,1351767001136111618,1);
Insert into JIBOOT.T_RESOURCE_NODE (ANCESTOR,DESCENDANT,DISTANCE) values (1351758746280271873,1351767150990204930,1);
Insert into JIBOOT.T_RESOURCE_NODE (ANCESTOR,DESCENDANT,DISTANCE) values (1351758746280271873,1351916938809315329,1);
Insert into JIBOOT.T_RESOURCE_NODE (ANCESTOR,DESCENDANT,DISTANCE) values (1351766782407352321,1351766782407352321,0);
Insert into JIBOOT.T_RESOURCE_NODE (ANCESTOR,DESCENDANT,DISTANCE) values (1351766873427943426,1351766873427943426,0);
Insert into JIBOOT.T_RESOURCE_NODE (ANCESTOR,DESCENDANT,DISTANCE) values (1351767001136111618,1351767001136111618,0);
Insert into JIBOOT.T_RESOURCE_NODE (ANCESTOR,DESCENDANT,DISTANCE) values (1351767150990204930,1351767150990204930,0);
Insert into JIBOOT.T_RESOURCE_NODE (ANCESTOR,DESCENDANT,DISTANCE) values (1351916938809315329,1351916938809315329,0);
Insert into JIBOOT.T_RESOURCE_NODE (ANCESTOR,DESCENDANT,DISTANCE) values (1353690207405219841,1353690207405219841,0);
Insert into JIBOOT.T_RESOURCE_NODE (ANCESTOR,DESCENDANT,DISTANCE) values (1353690207405219841,1353690495163834370,1);
Insert into JIBOOT.T_RESOURCE_NODE (ANCESTOR,DESCENDANT,DISTANCE) values (1353690207405219841,1353716092061724673,1);
Insert into JIBOOT.T_RESOURCE_NODE (ANCESTOR,DESCENDANT,DISTANCE) values (1353690495163834370,1353690495163834370,0);
Insert into JIBOOT.T_RESOURCE_NODE (ANCESTOR,DESCENDANT,DISTANCE) values (1353716092061724673,1353716092061724673,0);
commit;
REM INSERTING into JIBOOT.T_SYS_DICT
SET DEFINE OFF;
Insert into JIBOOT.T_SYS_DICT (ID,SYS_FLAG,DEL_FLAG,CREATE_AT,UPDATE_AT,CODE,NAME,REMARKS) values (9000000,1,null,to_date('30-12月-20','DD-MON-RR'),null,'sys_flag','技术等级',null);
commit;
REM INSERTING into JIBOOT.T_SYS_DICT_ITEM
SET DEFINE OFF;
Insert into JIBOOT.T_SYS_DICT_ITEM (ID,SYS_FLAG,DEL_FLAG,CREATE_AT,UPDATE_AT,DICT_ID,VALUE,LABEL,REMARKS) values (9000001,1,null,to_date('30-12月-20','DD-MON-RR'),null,9000000,'1','普通',null);
Insert into JIBOOT.T_SYS_DICT_ITEM (ID,SYS_FLAG,DEL_FLAG,CREATE_AT,UPDATE_AT,DICT_ID,VALUE,LABEL,REMARKS) values (9000002,1,null,to_date('30-12月-20','DD-MON-RR'),null,9000000,'2','高级',null);
Insert into JIBOOT.T_SYS_DICT_ITEM (ID,SYS_FLAG,DEL_FLAG,CREATE_AT,UPDATE_AT,DICT_ID,VALUE,LABEL,REMARKS) values (9000003,1,null,to_date('30-12月-20','DD-MON-RR'),null,9000000,'3','面向产品编程',null);
Insert into JIBOOT.T_SYS_DICT_ITEM (ID,SYS_FLAG,DEL_FLAG,CREATE_AT,UPDATE_AT,DICT_ID,VALUE,LABEL,REMARKS) values (9000004,1,null,to_date('30-12月-20','DD-MON-RR'),null,9000000,'4','面向百度编程',null);
Insert into JIBOOT.T_SYS_DICT_ITEM (ID,SYS_FLAG,DEL_FLAG,CREATE_AT,UPDATE_AT,DICT_ID,VALUE,LABEL,REMARKS) values (9000005,1,null,to_date('30-12月-20','DD-MON-RR'),null,9000000,'5','看脸',null);
commit;
REM INSERTING into JIBOOT.T_SYS_JOB
SET DEFINE OFF;
Insert into JIBOOT.T_SYS_JOB (ID,SYS_FLAG,DEL_FLAG,CREATE_AT,UPDATE_AT,GROUP_NAME,CRON,TASK_BEAN,PARAM,SHORT_DESCRIPTION,STATUS,MIS_FIRE_POLICY,FAIL_RECOVER,CREATE_BY,UPDATE_BY,ERROR_RETRY) values (1352319388749946882,1,null,to_date('22-1月 -21','DD-MON-RR'),to_date('26-1月 -21','DD-MON-RR'),'测试','0 5/30 * * * ? *','demoTask','abc123','演示任务','1','0',1,'admin','admin',1);
commit;
REM INSERTING into JIBOOT.T_SYS_PARAM
SET DEFINE OFF;
Insert into JIBOOT.T_SYS_PARAM (ID,SYS_FLAG,DEL_FLAG,CREATE_AT,UPDATE_AT,PARAM_KEY,REMARKS,STATUS,CREATE_BY,UPDATE_BY) values (1336568657526984706,1,null,to_date('09-12月-20','DD-MON-RR'),null,'test','sdfdf','0','admin',null);
Insert into JIBOOT.T_SYS_PARAM (ID,SYS_FLAG,DEL_FLAG,CREATE_AT,UPDATE_AT,PARAM_KEY,REMARKS,STATUS,CREATE_BY,UPDATE_BY) values (1350739037510557697,0,null,to_date('17-1月 -21','DD-MON-RR'),null,'test2',null,'0',null,null);
commit;
REM INSERTING into JIBOOT.T_SYS_RESOURCE
SET DEFINE OFF;
Insert into JIBOOT.T_SYS_RESOURCE (ID,SYS_FLAG,DEL_FLAG,CREATE_AT,UPDATE_AT,TYPE,NAME,TITLE,PERMISSION,PATH,COMPONENT,ICON,SORT) values (0,1,null,to_date('02-12月-20','DD-MON-RR'),null,1,'sys-r-root','根节点',null,null,null,null,0);
Insert into JIBOOT.T_SYS_RESOURCE (ID,SYS_FLAG,DEL_FLAG,CREATE_AT,UPDATE_AT,TYPE,NAME,TITLE,PERMISSION,PATH,COMPONENT,ICON,SORT) values (10010000001,0,null,to_date('02-12月-20','DD-MON-RR'),to_date('28-12月-20','DD-MON-RR'),1,'sys','系统管理',null,'/sys','layoutHeaderAside','sliders',0);
Insert into JIBOOT.T_SYS_RESOURCE (ID,SYS_FLAG,DEL_FLAG,CREATE_AT,UPDATE_AT,TYPE,NAME,TITLE,PERMISSION,PATH,COMPONENT,ICON,SORT) values (10010000002,0,null,to_date('02-12月-20','DD-MON-RR'),to_date('18-12月-20','DD-MON-RR'),1,'sys-user','用户管理',null,'/sys/user','/sys/views/user','users',0);
Insert into JIBOOT.T_SYS_RESOURCE (ID,SYS_FLAG,DEL_FLAG,CREATE_AT,UPDATE_AT,TYPE,NAME,TITLE,PERMISSION,PATH,COMPONENT,ICON,SORT) values (10020000001,0,null,to_date('02-12月-20','DD-MON-RR'),to_date('18-12月-20','DD-MON-RR'),1,'sys-permission','权限管理',null,'/sys/permission',null,'cubes',2);
Insert into JIBOOT.T_SYS_RESOURCE (ID,SYS_FLAG,DEL_FLAG,CREATE_AT,UPDATE_AT,TYPE,NAME,TITLE,PERMISSION,PATH,COMPONENT,ICON,SORT) values (10030000001,0,null,to_date('02-12月-20','DD-MON-RR'),to_date('28-12月-20','DD-MON-RR'),1,'sys-resource','资源管理',null,'/sys/resource','/sys/views/resource','object-group',0);
Insert into JIBOOT.T_SYS_RESOURCE (ID,SYS_FLAG,DEL_FLAG,CREATE_AT,UPDATE_AT,TYPE,NAME,TITLE,PERMISSION,PATH,COMPONENT,ICON,SORT) values (20000000001,0,null,to_date('02-12月-20','DD-MON-RR'),null,2,'sys-resource-add','添加资源','sys:resource:add',null,null,null,1);
Insert into JIBOOT.T_SYS_RESOURCE (ID,SYS_FLAG,DEL_FLAG,CREATE_AT,UPDATE_AT,TYPE,NAME,TITLE,PERMISSION,PATH,COMPONENT,ICON,SORT) values (20000000002,0,null,to_date('02-12月-20','DD-MON-RR'),null,2,'sys-resource-del','删除资源','sys:resource:del',null,null,null,2);
Insert into JIBOOT.T_SYS_RESOURCE (ID,SYS_FLAG,DEL_FLAG,CREATE_AT,UPDATE_AT,TYPE,NAME,TITLE,PERMISSION,PATH,COMPONENT,ICON,SORT) values (20000000003,0,null,to_date('02-12月-20','DD-MON-RR'),null,2,'sys-resource-edit','修改资源','sys:resource:edit',null,null,null,3);
Insert into JIBOOT.T_SYS_RESOURCE (ID,SYS_FLAG,DEL_FLAG,CREATE_AT,UPDATE_AT,TYPE,NAME,TITLE,PERMISSION,PATH,COMPONENT,ICON,SORT) values (20000000004,0,null,to_date('02-12月-20','DD-MON-RR'),null,2,'sys-resource-view','查看资源','sys:resource:view',null,null,null,4);
Insert into JIBOOT.T_SYS_RESOURCE (ID,SYS_FLAG,DEL_FLAG,CREATE_AT,UPDATE_AT,TYPE,NAME,TITLE,PERMISSION,PATH,COMPONENT,ICON,SORT) values (1338793651296350209,1,null,to_date('15-12月-20','DD-MON-RR'),to_date('15-12月-20','DD-MON-RR'),1,'sys-role','角色管理',null,'/sys/roles','/sys/views/role','address-card-o',1);
Insert into JIBOOT.T_SYS_RESOURCE (ID,SYS_FLAG,DEL_FLAG,CREATE_AT,UPDATE_AT,TYPE,NAME,TITLE,PERMISSION,PATH,COMPONENT,ICON,SORT) values (1338795784578027521,0,null,to_date('15-12月-20','DD-MON-RR'),null,2,'sys-role-add','添加','sys:role:add',null,null,null,1);
Insert into JIBOOT.T_SYS_RESOURCE (ID,SYS_FLAG,DEL_FLAG,CREATE_AT,UPDATE_AT,TYPE,NAME,TITLE,PERMISSION,PATH,COMPONENT,ICON,SORT) values (1338795995027230721,0,null,to_date('15-12月-20','DD-MON-RR'),null,2,'sys-role-del','删除','sys:role:del',null,null,null,2);
Insert into JIBOOT.T_SYS_RESOURCE (ID,SYS_FLAG,DEL_FLAG,CREATE_AT,UPDATE_AT,TYPE,NAME,TITLE,PERMISSION,PATH,COMPONENT,ICON,SORT) values (1338796190397911041,0,null,to_date('15-12月-20','DD-MON-RR'),to_date('15-12月-20','DD-MON-RR'),2,'sys-role-permit','资源授权','sys:role:permit',null,null,null,0);
Insert into JIBOOT.T_SYS_RESOURCE (ID,SYS_FLAG,DEL_FLAG,CREATE_AT,UPDATE_AT,TYPE,NAME,TITLE,PERMISSION,PATH,COMPONENT,ICON,SORT) values (1339095398288048129,0,null,to_date('16-12月-20','DD-MON-RR'),null,2,'sys-role-edit','修改','sys:role:edit',null,null,null,3);
Insert into JIBOOT.T_SYS_RESOURCE (ID,SYS_FLAG,DEL_FLAG,CREATE_AT,UPDATE_AT,TYPE,NAME,TITLE,PERMISSION,PATH,COMPONENT,ICON,SORT) values (1339095620003151874,0,null,to_date('16-12月-20','DD-MON-RR'),null,2,'sys-role-view','查看','sys:role:view',null,null,null,4);
Insert into JIBOOT.T_SYS_RESOURCE (ID,SYS_FLAG,DEL_FLAG,CREATE_AT,UPDATE_AT,TYPE,NAME,TITLE,PERMISSION,PATH,COMPONENT,ICON,SORT) values (1339141805648650242,0,null,to_date('16-12月-20','DD-MON-RR'),to_date('16-12月-20','DD-MON-RR'),2,'sys-user-add','添加','sys:user:add',null,null,null,1);
Insert into JIBOOT.T_SYS_RESOURCE (ID,SYS_FLAG,DEL_FLAG,CREATE_AT,UPDATE_AT,TYPE,NAME,TITLE,PERMISSION,PATH,COMPONENT,ICON,SORT) values (1339141875248930817,0,null,to_date('16-12月-20','DD-MON-RR'),to_date('16-12月-20','DD-MON-RR'),2,'sys-user-del','删除','sys:user:del',null,null,null,2);
Insert into JIBOOT.T_SYS_RESOURCE (ID,SYS_FLAG,DEL_FLAG,CREATE_AT,UPDATE_AT,TYPE,NAME,TITLE,PERMISSION,PATH,COMPONENT,ICON,SORT) values (1339141968685441026,0,null,to_date('16-12月-20','DD-MON-RR'),to_date('16-12月-20','DD-MON-RR'),2,'sys-user-edit','修改','sys:user:edit',null,null,null,3);
Insert into JIBOOT.T_SYS_RESOURCE (ID,SYS_FLAG,DEL_FLAG,CREATE_AT,UPDATE_AT,TYPE,NAME,TITLE,PERMISSION,PATH,COMPONENT,ICON,SORT) values (1339142060758802434,0,null,to_date('16-12月-20','DD-MON-RR'),to_date('16-12月-20','DD-MON-RR'),2,'sys-user-view','查看','sys:user:view',null,null,null,4);
Insert into JIBOOT.T_SYS_RESOURCE (ID,SYS_FLAG,DEL_FLAG,CREATE_AT,UPDATE_AT,TYPE,NAME,TITLE,PERMISSION,PATH,COMPONENT,ICON,SORT) values (1339142219286716418,0,null,to_date('16-12月-20','DD-MON-RR'),to_date('16-12月-20','DD-MON-RR'),2,'sys-user-permit','角色授权','sys:user:permit',null,null,null,0);
Insert into JIBOOT.T_SYS_RESOURCE (ID,SYS_FLAG,DEL_FLAG,CREATE_AT,UPDATE_AT,TYPE,NAME,TITLE,PERMISSION,PATH,COMPONENT,ICON,SORT) values (1339615399885451265,0,null,to_date('18-12月-20','DD-MON-RR'),to_date('20-1月 -21','DD-MON-RR'),1,'sys-conf','系统设置',null,'/sys/conf',null,'gear',800);
Insert into JIBOOT.T_SYS_RESOURCE (ID,SYS_FLAG,DEL_FLAG,CREATE_AT,UPDATE_AT,TYPE,NAME,TITLE,PERMISSION,PATH,COMPONENT,ICON,SORT) values (1340676892001431553,0,null,to_date('20-12月-20','DD-MON-RR'),to_date('21-12月-20','DD-MON-RR'),1,'sys-role-permit','角色授权',null,'/sys/role/grant','/sys/views/role-grant','gavel',100);
Insert into JIBOOT.T_SYS_RESOURCE (ID,SYS_FLAG,DEL_FLAG,CREATE_AT,UPDATE_AT,TYPE,NAME,TITLE,PERMISSION,PATH,COMPONENT,ICON,SORT) values (1340701292788572161,0,null,to_date('21-12月-20','DD-MON-RR'),to_date('21-12月-20','DD-MON-RR'),2,'sys-role-grant','授予角色','sys:role:grant',null,null,null,0);
Insert into JIBOOT.T_SYS_RESOURCE (ID,SYS_FLAG,DEL_FLAG,CREATE_AT,UPDATE_AT,TYPE,NAME,TITLE,PERMISSION,PATH,COMPONENT,ICON,SORT) values (1340701705814269954,0,null,to_date('21-12月-20','DD-MON-RR'),to_date('21-12月-20','DD-MON-RR'),2,'sys-role-revoke','移除角色','sys:role:revoke',null,null,null,0);
Insert into JIBOOT.T_SYS_RESOURCE (ID,SYS_FLAG,DEL_FLAG,CREATE_AT,UPDATE_AT,TYPE,NAME,TITLE,PERMISSION,PATH,COMPONENT,ICON,SORT) values (1343529601356394498,0,null,to_date('28-12月-20','DD-MON-RR'),to_date('28-12月-20','DD-MON-RR'),1,'sys-param','参数设置','sys:param','/sys/param','/sys/views/param','ticket',0);
Insert into JIBOOT.T_SYS_RESOURCE (ID,SYS_FLAG,DEL_FLAG,CREATE_AT,UPDATE_AT,TYPE,NAME,TITLE,PERMISSION,PATH,COMPONENT,ICON,SORT) values (1343532492112654338,0,null,to_date('28-12月-20','DD-MON-RR'),null,2,'sys-param-add','新增参数','sys:param:add',null,null,null,1);
Insert into JIBOOT.T_SYS_RESOURCE (ID,SYS_FLAG,DEL_FLAG,CREATE_AT,UPDATE_AT,TYPE,NAME,TITLE,PERMISSION,PATH,COMPONENT,ICON,SORT) values (1343532780550746114,0,null,to_date('28-12月-20','DD-MON-RR'),null,2,'sys-param-del','删除参数','sys:param:del',null,null,null,2);
Insert into JIBOOT.T_SYS_RESOURCE (ID,SYS_FLAG,DEL_FLAG,CREATE_AT,UPDATE_AT,TYPE,NAME,TITLE,PERMISSION,PATH,COMPONENT,ICON,SORT) values (1343532862503251969,0,null,to_date('28-12月-20','DD-MON-RR'),null,2,'sys-param-edit','修改参数','sys:param:edit',null,null,null,3);
Insert into JIBOOT.T_SYS_RESOURCE (ID,SYS_FLAG,DEL_FLAG,CREATE_AT,UPDATE_AT,TYPE,NAME,TITLE,PERMISSION,PATH,COMPONENT,ICON,SORT) values (1343533013653385218,0,null,to_date('28-12月-20','DD-MON-RR'),null,2,'sys-param-view','查看参数','sys:param:view',null,null,null,4);
Insert into JIBOOT.T_SYS_RESOURCE (ID,SYS_FLAG,DEL_FLAG,CREATE_AT,UPDATE_AT,TYPE,NAME,TITLE,PERMISSION,PATH,COMPONENT,ICON,SORT) values (1343570650825093121,0,null,to_date('28-12月-20','DD-MON-RR'),null,1,'sys-dict','字典维护','sys:dict','/sys/dict','/sys/views/dict','book',0);
Insert into JIBOOT.T_SYS_RESOURCE (ID,SYS_FLAG,DEL_FLAG,CREATE_AT,UPDATE_AT,TYPE,NAME,TITLE,PERMISSION,PATH,COMPONENT,ICON,SORT) values (1343581816360112129,0,null,to_date('28-12月-20','DD-MON-RR'),null,2,'sys-dict-edit','修改字典','sys:dict:edit',null,null,null,3);
Insert into JIBOOT.T_SYS_RESOURCE (ID,SYS_FLAG,DEL_FLAG,CREATE_AT,UPDATE_AT,TYPE,NAME,TITLE,PERMISSION,PATH,COMPONENT,ICON,SORT) values (1343870166128156674,0,null,to_date('29-12月-20','DD-MON-RR'),to_date('29-12月-20','DD-MON-RR'),2,'sys-dict-add','新增字典','sys:dict:add',null,null,null,1);
Insert into JIBOOT.T_SYS_RESOURCE (ID,SYS_FLAG,DEL_FLAG,CREATE_AT,UPDATE_AT,TYPE,NAME,TITLE,PERMISSION,PATH,COMPONENT,ICON,SORT) values (1343870278812327938,0,null,to_date('29-12月-20','DD-MON-RR'),to_date('29-12月-20','DD-MON-RR'),2,'sys-dict-del','删除字典','sys:dict:del',null,null,null,2);
Insert into JIBOOT.T_SYS_RESOURCE (ID,SYS_FLAG,DEL_FLAG,CREATE_AT,UPDATE_AT,TYPE,NAME,TITLE,PERMISSION,PATH,COMPONENT,ICON,SORT) values (1343870438585950210,0,null,to_date('29-12月-20','DD-MON-RR'),to_date('29-12月-20','DD-MON-RR'),2,'sys-dict-view','查看字典','sys:dict:view',null,null,null,4);
Insert into JIBOOT.T_SYS_RESOURCE (ID,SYS_FLAG,DEL_FLAG,CREATE_AT,UPDATE_AT,TYPE,NAME,TITLE,PERMISSION,PATH,COMPONENT,ICON,SORT) values (1348924458774077442,0,null,to_date('12-1月 -21','DD-MON-RR'),to_date('20-1月 -21','DD-MON-RR'),1,'sys-doc','接口文档',null,'/dev/docs','layoutHeaderAside','map-o',1000);
Insert into JIBOOT.T_SYS_RESOURCE (ID,SYS_FLAG,DEL_FLAG,CREATE_AT,UPDATE_AT,TYPE,NAME,TITLE,PERMISSION,PATH,COMPONENT,ICON,SORT) values (1348925135726354433,0,null,to_date('12-1月 -21','DD-MON-RR'),to_date('20-1月 -21','DD-MON-RR'),1,'doc-knife4j','knife4j-ui',null,'http://flygon-demo.etcd.ltd/api/doc.html',null,'share-square-o',1);
Insert into JIBOOT.T_SYS_RESOURCE (ID,SYS_FLAG,DEL_FLAG,CREATE_AT,UPDATE_AT,TYPE,NAME,TITLE,PERMISSION,PATH,COMPONENT,ICON,SORT) values (1348925793997201409,0,null,to_date('12-1月 -21','DD-MON-RR'),to_date('20-1月 -21','DD-MON-RR'),1,'doc-swagger','swagger-ui',null,'http://flygon-demo.etcd.ltd/api/swagger-ui.html',null,'share-square-o',2);
Insert into JIBOOT.T_SYS_RESOURCE (ID,SYS_FLAG,DEL_FLAG,CREATE_AT,UPDATE_AT,TYPE,NAME,TITLE,PERMISSION,PATH,COMPONENT,ICON,SORT) values (1351757595430363137,0,null,to_date('20-1月 -21','DD-MON-RR'),to_date('20-1月 -21','DD-MON-RR'),1,'sys-schedule','任务调度',null,'sys/schedule',null,'clock-o',900);
Insert into JIBOOT.T_SYS_RESOURCE (ID,SYS_FLAG,DEL_FLAG,CREATE_AT,UPDATE_AT,TYPE,NAME,TITLE,PERMISSION,PATH,COMPONENT,ICON,SORT) values (1351758746280271873,0,null,to_date('20-1月 -21','DD-MON-RR'),to_date('21-1月 -21','DD-MON-RR'),1,'schedule-job','任务管理',null,'/schedule/job','/schedule/views/job','calendar',0);
Insert into JIBOOT.T_SYS_RESOURCE (ID,SYS_FLAG,DEL_FLAG,CREATE_AT,UPDATE_AT,TYPE,NAME,TITLE,PERMISSION,PATH,COMPONENT,ICON,SORT) values (1351766782407352321,0,null,to_date('20-1月 -21','DD-MON-RR'),to_date('20-1月 -21','DD-MON-RR'),2,'sys-job-add','新增','sys:job:add',null,null,null,1);
Insert into JIBOOT.T_SYS_RESOURCE (ID,SYS_FLAG,DEL_FLAG,CREATE_AT,UPDATE_AT,TYPE,NAME,TITLE,PERMISSION,PATH,COMPONENT,ICON,SORT) values (1351766873427943426,0,null,to_date('20-1月 -21','DD-MON-RR'),to_date('20-1月 -21','DD-MON-RR'),2,'sys-job-del','删除','sys:job:del',null,null,null,2);
Insert into JIBOOT.T_SYS_RESOURCE (ID,SYS_FLAG,DEL_FLAG,CREATE_AT,UPDATE_AT,TYPE,NAME,TITLE,PERMISSION,PATH,COMPONENT,ICON,SORT) values (1351767001136111618,0,null,to_date('20-1月 -21','DD-MON-RR'),to_date('20-1月 -21','DD-MON-RR'),2,'sys-job-edit','修改','sys:job:edit',null,null,null,3);
Insert into JIBOOT.T_SYS_RESOURCE (ID,SYS_FLAG,DEL_FLAG,CREATE_AT,UPDATE_AT,TYPE,NAME,TITLE,PERMISSION,PATH,COMPONENT,ICON,SORT) values (1351767150990204930,0,null,to_date('20-1月 -21','DD-MON-RR'),to_date('20-1月 -21','DD-MON-RR'),2,'sys-job-view','查看','sys:job:view',null,null,null,4);
Insert into JIBOOT.T_SYS_RESOURCE (ID,SYS_FLAG,DEL_FLAG,CREATE_AT,UPDATE_AT,TYPE,NAME,TITLE,PERMISSION,PATH,COMPONENT,ICON,SORT) values (1351916938809315329,0,null,to_date('20-1月 -21','DD-MON-RR'),to_date('21-1月 -21','DD-MON-RR'),2,'sys-job-action','调度','sys:job:action',null,null,null,99);
Insert into JIBOOT.T_SYS_RESOURCE (ID,SYS_FLAG,DEL_FLAG,CREATE_AT,UPDATE_AT,TYPE,NAME,TITLE,PERMISSION,PATH,COMPONENT,ICON,SORT) values (1353690207405219841,0,null,to_date('25-1月 -21','DD-MON-RR'),null,1,'schedule-log','任务日志',null,'/schedule/job-log','/schedule/views/job-log','history',2);
Insert into JIBOOT.T_SYS_RESOURCE (ID,SYS_FLAG,DEL_FLAG,CREATE_AT,UPDATE_AT,TYPE,NAME,TITLE,PERMISSION,PATH,COMPONENT,ICON,SORT) values (1353690495163834370,0,null,to_date('25-1月 -21','DD-MON-RR'),null,2,'sys-joblog-view','查看','sys:job-log:view',null,null,null,4);
Insert into JIBOOT.T_SYS_RESOURCE (ID,SYS_FLAG,DEL_FLAG,CREATE_AT,UPDATE_AT,TYPE,NAME,TITLE,PERMISSION,PATH,COMPONENT,ICON,SORT) values (1353716092061724673,0,null,to_date('25-1月 -21','DD-MON-RR'),null,2,'sys-job-log-del','删除','sys:job-log:del',null,null,null,2);
commit;
REM INSERTING into JIBOOT.T_SYS_RESOURCE_GRANTEE
SET DEFINE OFF;
Insert into JIBOOT.T_SYS_RESOURCE_GRANTEE (ROLE_ID,RESOURCE_ID) values (1338178645550809090,0);
Insert into JIBOOT.T_SYS_RESOURCE_GRANTEE (ROLE_ID,RESOURCE_ID) values (1338178645550809090,10010000001);
Insert into JIBOOT.T_SYS_RESOURCE_GRANTEE (ROLE_ID,RESOURCE_ID) values (1338178645550809090,10010000002);
Insert into JIBOOT.T_SYS_RESOURCE_GRANTEE (ROLE_ID,RESOURCE_ID) values (1338178645550809090,10020000001);
Insert into JIBOOT.T_SYS_RESOURCE_GRANTEE (ROLE_ID,RESOURCE_ID) values (1338178645550809090,10030000001);
Insert into JIBOOT.T_SYS_RESOURCE_GRANTEE (ROLE_ID,RESOURCE_ID) values (1338178645550809090,20000000001);
Insert into JIBOOT.T_SYS_RESOURCE_GRANTEE (ROLE_ID,RESOURCE_ID) values (1338178645550809090,20000000002);
Insert into JIBOOT.T_SYS_RESOURCE_GRANTEE (ROLE_ID,RESOURCE_ID) values (1338178645550809090,20000000003);
Insert into JIBOOT.T_SYS_RESOURCE_GRANTEE (ROLE_ID,RESOURCE_ID) values (1338178645550809090,20000000004);
Insert into JIBOOT.T_SYS_RESOURCE_GRANTEE (ROLE_ID,RESOURCE_ID) values (1338178645550809090,1338793651296350209);
Insert into JIBOOT.T_SYS_RESOURCE_GRANTEE (ROLE_ID,RESOURCE_ID) values (1338178645550809090,1338795784578027521);
Insert into JIBOOT.T_SYS_RESOURCE_GRANTEE (ROLE_ID,RESOURCE_ID) values (1338178645550809090,1338795995027230721);
Insert into JIBOOT.T_SYS_RESOURCE_GRANTEE (ROLE_ID,RESOURCE_ID) values (1338178645550809090,1338796190397911041);
Insert into JIBOOT.T_SYS_RESOURCE_GRANTEE (ROLE_ID,RESOURCE_ID) values (1338178645550809090,1339095398288048129);
Insert into JIBOOT.T_SYS_RESOURCE_GRANTEE (ROLE_ID,RESOURCE_ID) values (1338178645550809090,1339095620003151874);
Insert into JIBOOT.T_SYS_RESOURCE_GRANTEE (ROLE_ID,RESOURCE_ID) values (1338178645550809090,1339141805648650242);
Insert into JIBOOT.T_SYS_RESOURCE_GRANTEE (ROLE_ID,RESOURCE_ID) values (1338178645550809090,1339141875248930817);
Insert into JIBOOT.T_SYS_RESOURCE_GRANTEE (ROLE_ID,RESOURCE_ID) values (1338178645550809090,1339141968685441026);
Insert into JIBOOT.T_SYS_RESOURCE_GRANTEE (ROLE_ID,RESOURCE_ID) values (1338178645550809090,1339142060758802434);
Insert into JIBOOT.T_SYS_RESOURCE_GRANTEE (ROLE_ID,RESOURCE_ID) values (1338178645550809090,1339142219286716418);
Insert into JIBOOT.T_SYS_RESOURCE_GRANTEE (ROLE_ID,RESOURCE_ID) values (1338178645550809090,1339615399885451265);
Insert into JIBOOT.T_SYS_RESOURCE_GRANTEE (ROLE_ID,RESOURCE_ID) values (1338178645550809090,1340676892001431553);
Insert into JIBOOT.T_SYS_RESOURCE_GRANTEE (ROLE_ID,RESOURCE_ID) values (1338178645550809090,1340701292788572161);
Insert into JIBOOT.T_SYS_RESOURCE_GRANTEE (ROLE_ID,RESOURCE_ID) values (1338178645550809090,1340701705814269954);
Insert into JIBOOT.T_SYS_RESOURCE_GRANTEE (ROLE_ID,RESOURCE_ID) values (1338178645550809090,1343529601356394498);
Insert into JIBOOT.T_SYS_RESOURCE_GRANTEE (ROLE_ID,RESOURCE_ID) values (1338178645550809090,1343532492112654338);
Insert into JIBOOT.T_SYS_RESOURCE_GRANTEE (ROLE_ID,RESOURCE_ID) values (1338178645550809090,1343532780550746114);
Insert into JIBOOT.T_SYS_RESOURCE_GRANTEE (ROLE_ID,RESOURCE_ID) values (1338178645550809090,1343532862503251969);
Insert into JIBOOT.T_SYS_RESOURCE_GRANTEE (ROLE_ID,RESOURCE_ID) values (1338178645550809090,1343533013653385218);
Insert into JIBOOT.T_SYS_RESOURCE_GRANTEE (ROLE_ID,RESOURCE_ID) values (1338178645550809090,1343570650825093121);
Insert into JIBOOT.T_SYS_RESOURCE_GRANTEE (ROLE_ID,RESOURCE_ID) values (1338178645550809090,1343581816360112129);
Insert into JIBOOT.T_SYS_RESOURCE_GRANTEE (ROLE_ID,RESOURCE_ID) values (1338178645550809090,1343870166128156674);
Insert into JIBOOT.T_SYS_RESOURCE_GRANTEE (ROLE_ID,RESOURCE_ID) values (1338178645550809090,1343870278812327938);
Insert into JIBOOT.T_SYS_RESOURCE_GRANTEE (ROLE_ID,RESOURCE_ID) values (1338178645550809090,1343870438585950210);
Insert into JIBOOT.T_SYS_RESOURCE_GRANTEE (ROLE_ID,RESOURCE_ID) values (1338178645550809090,1348924458774077442);
Insert into JIBOOT.T_SYS_RESOURCE_GRANTEE (ROLE_ID,RESOURCE_ID) values (1338178645550809090,1348925135726354433);
Insert into JIBOOT.T_SYS_RESOURCE_GRANTEE (ROLE_ID,RESOURCE_ID) values (1338178645550809090,1348925793997201409);
Insert into JIBOOT.T_SYS_RESOURCE_GRANTEE (ROLE_ID,RESOURCE_ID) values (1338178645550809090,1351757595430363137);
Insert into JIBOOT.T_SYS_RESOURCE_GRANTEE (ROLE_ID,RESOURCE_ID) values (1338178645550809090,1351758746280271873);
Insert into JIBOOT.T_SYS_RESOURCE_GRANTEE (ROLE_ID,RESOURCE_ID) values (1338178645550809090,1351766782407352321);
Insert into JIBOOT.T_SYS_RESOURCE_GRANTEE (ROLE_ID,RESOURCE_ID) values (1338178645550809090,1351766873427943426);
Insert into JIBOOT.T_SYS_RESOURCE_GRANTEE (ROLE_ID,RESOURCE_ID) values (1338178645550809090,1351767001136111618);
Insert into JIBOOT.T_SYS_RESOURCE_GRANTEE (ROLE_ID,RESOURCE_ID) values (1338178645550809090,1351767150990204930);
Insert into JIBOOT.T_SYS_RESOURCE_GRANTEE (ROLE_ID,RESOURCE_ID) values (1338178645550809090,1351916938809315329);
Insert into JIBOOT.T_SYS_RESOURCE_GRANTEE (ROLE_ID,RESOURCE_ID) values (1338178645550809090,1353690207405219841);
Insert into JIBOOT.T_SYS_RESOURCE_GRANTEE (ROLE_ID,RESOURCE_ID) values (1338178645550809090,1353690495163834370);
Insert into JIBOOT.T_SYS_RESOURCE_GRANTEE (ROLE_ID,RESOURCE_ID) values (1338178645550809090,1353716092061724673);
Insert into JIBOOT.T_SYS_RESOURCE_GRANTEE (ROLE_ID,RESOURCE_ID) values (1341424978898296834,10010000001);
Insert into JIBOOT.T_SYS_RESOURCE_GRANTEE (ROLE_ID,RESOURCE_ID) values (1341424978898296834,10010000002);
Insert into JIBOOT.T_SYS_RESOURCE_GRANTEE (ROLE_ID,RESOURCE_ID) values (1341424978898296834,10020000001);
Insert into JIBOOT.T_SYS_RESOURCE_GRANTEE (ROLE_ID,RESOURCE_ID) values (1341424978898296834,1338793651296350209);
Insert into JIBOOT.T_SYS_RESOURCE_GRANTEE (ROLE_ID,RESOURCE_ID) values (1341424978898296834,1338795784578027521);
Insert into JIBOOT.T_SYS_RESOURCE_GRANTEE (ROLE_ID,RESOURCE_ID) values (1341424978898296834,1338795995027230721);
Insert into JIBOOT.T_SYS_RESOURCE_GRANTEE (ROLE_ID,RESOURCE_ID) values (1341424978898296834,1338796190397911041);
Insert into JIBOOT.T_SYS_RESOURCE_GRANTEE (ROLE_ID,RESOURCE_ID) values (1341424978898296834,1339095398288048129);
Insert into JIBOOT.T_SYS_RESOURCE_GRANTEE (ROLE_ID,RESOURCE_ID) values (1341424978898296834,1339095620003151874);
Insert into JIBOOT.T_SYS_RESOURCE_GRANTEE (ROLE_ID,RESOURCE_ID) values (1341424978898296834,1339141805648650242);
Insert into JIBOOT.T_SYS_RESOURCE_GRANTEE (ROLE_ID,RESOURCE_ID) values (1341424978898296834,1339141875248930817);
Insert into JIBOOT.T_SYS_RESOURCE_GRANTEE (ROLE_ID,RESOURCE_ID) values (1341424978898296834,1339141968685441026);
Insert into JIBOOT.T_SYS_RESOURCE_GRANTEE (ROLE_ID,RESOURCE_ID) values (1341424978898296834,1339142060758802434);
Insert into JIBOOT.T_SYS_RESOURCE_GRANTEE (ROLE_ID,RESOURCE_ID) values (1341424978898296834,1339142219286716418);
Insert into JIBOOT.T_SYS_RESOURCE_GRANTEE (ROLE_ID,RESOURCE_ID) values (1341424978898296834,1340676892001431553);
Insert into JIBOOT.T_SYS_RESOURCE_GRANTEE (ROLE_ID,RESOURCE_ID) values (1341424978898296834,1340701292788572161);
Insert into JIBOOT.T_SYS_RESOURCE_GRANTEE (ROLE_ID,RESOURCE_ID) values (1341424978898296834,1340701705814269954);
commit;
REM INSERTING into JIBOOT.T_SYS_ROLE
SET DEFINE OFF;
Insert into JIBOOT.T_SYS_ROLE (ID,SYS_FLAG,DEL_FLAG,CREATE_AT,UPDATE_AT,CODE,NAME,REMARKS,STATUS,OWNER) values (1338178645550809090,0,null,to_date('14-12月-20','DD-MON-RR'),null,'admin','系统管理员',null,'0',null);
Insert into JIBOOT.T_SYS_ROLE (ID,SYS_FLAG,DEL_FLAG,CREATE_AT,UPDATE_AT,CODE,NAME,REMARKS,STATUS,OWNER) values (1341424978898296834,0,null,to_date('23-12月-20','DD-MON-RR'),to_date('30-12月-20','DD-MON-RR'),'test','测试角色',null,'3',1);
commit;
REM INSERTING into JIBOOT.T_SYS_ROLE_GRANTEE
SET DEFINE OFF;
Insert into JIBOOT.T_SYS_ROLE_GRANTEE (ID,SYS_FLAG,DEL_FLAG,CREATE_AT,UPDATE_AT,USER_ID,ROLE_ID,GRANT_TYPE) values (1,0,null,to_date('20-12月-20','DD-MON-RR'),to_date('21-12月-20','DD-MON-RR'),1,1338178645550809090,'1');
commit;
REM INSERTING into JIBOOT.T_SYS_USER
SET DEFINE OFF;
Insert into JIBOOT.T_SYS_USER (ID,SYS_FLAG,DEL_FLAG,CREATE_BY,CREATE_AT,UPDATE_BY,UPDATE_AT,USERNAME,PASSWORD,SALT,NAME,MAIL,MOBILE_PHONE,REMARKS,STATUS) values (1,1,null,null,to_date('29-10月-20','DD-MON-RR'),null,null,'admin','$2a$10$OO/CElRgmt9nhFQsHDDs3ulWkTcZ5/4t09YVMVU9Y8AzDthkm6lWO',null,'管理员','power4j@outlook.com','18081020301','初始用户','0');
Insert into JIBOOT.T_SYS_USER (ID,SYS_FLAG,DEL_FLAG,CREATE_BY,CREATE_AT,UPDATE_BY,UPDATE_AT,USERNAME,PASSWORD,SALT,NAME,MAIL,MOBILE_PHONE,REMARKS,STATUS) values (2000,1,null,null,to_date('29-1月 -21','DD-MON-RR'),null,null,'ops','$2a$10$WNiWpSGX64Z3toh8z1Ba9OVGXq9jLb.3PRb9UXts0L1oTXXUv44sC',null,'集成测试账号','dev@power4j.com','18088888888','祝你好运','0');
Insert into JIBOOT.T_SYS_USER (ID,SYS_FLAG,DEL_FLAG,CREATE_BY,CREATE_AT,UPDATE_BY,UPDATE_AT,USERNAME,PASSWORD,SALT,NAME,MAIL,MOBILE_PHONE,REMARKS,STATUS) values (1339613299839381505,0,null,'admin',to_date('18-12月-20','DD-MON-RR'),'admin',to_date('12-1月 -21','DD-MON-RR'),'admin2','$2a$10$WNiWpSGX64Z3toh8z1Ba9OVGXq9jLb.3PRb9UXts0L1oTXXUv44sC',null,'测试235',null,'18081020301',null,'0');
Insert into JIBOOT.T_SYS_USER (ID,SYS_FLAG,DEL_FLAG,CREATE_BY,CREATE_AT,UPDATE_BY,UPDATE_AT,USERNAME,PASSWORD,SALT,NAME,MAIL,MOBILE_PHONE,REMARKS,STATUS) values (1350780451376087041,0,null,null,to_date('17-1月 -21','DD-MON-RR'),null,null,'test','123456',null,'test',null,null,null,'0');
Insert into JIBOOT.T_SYS_USER (ID,SYS_FLAG,DEL_FLAG,CREATE_BY,CREATE_AT,UPDATE_BY,UPDATE_AT,USERNAME,PASSWORD,SALT,NAME,MAIL,MOBILE_PHONE,REMARKS,STATUS) values (1350781177372446721,0,null,'admin',to_date('17-1月 -21','DD-MON-RR'),null,null,'test2','$2a$10$vfuCwIX2TAqIsbZpCjgmjuE6zADp5QBsswHeWiooxwrhBFDmhNrbu',null,'test2',null,null,null,'0');
commit;
