USE ji_boot;
SET NAMES utf8mb4;
SET FOREIGN_KEY_CHECKS = 0;

/*Data for the table `t_resource_node` */

insert  into `t_resource_node`(`ancestor`,`descendant`,`distance`) values (0,0,0);
insert  into `t_resource_node`(`ancestor`,`descendant`,`distance`) values (0,10010000001,1);
insert  into `t_resource_node`(`ancestor`,`descendant`,`distance`) values (0,10010000002,2);
insert  into `t_resource_node`(`ancestor`,`descendant`,`distance`) values (0,10020000001,2);
insert  into `t_resource_node`(`ancestor`,`descendant`,`distance`) values (0,10030000001,3);
insert  into `t_resource_node`(`ancestor`,`descendant`,`distance`) values (0,20000000001,4);
insert  into `t_resource_node`(`ancestor`,`descendant`,`distance`) values (0,20000000002,4);
insert  into `t_resource_node`(`ancestor`,`descendant`,`distance`) values (0,20000000003,4);
insert  into `t_resource_node`(`ancestor`,`descendant`,`distance`) values (0,20000000004,4);
insert  into `t_resource_node`(`ancestor`,`descendant`,`distance`) values (0,1338793651296350209,2);
insert  into `t_resource_node`(`ancestor`,`descendant`,`distance`) values (0,1338795784578027521,3);
insert  into `t_resource_node`(`ancestor`,`descendant`,`distance`) values (0,1338795995027230721,3);
insert  into `t_resource_node`(`ancestor`,`descendant`,`distance`) values (0,1338796190397911041,3);
insert  into `t_resource_node`(`ancestor`,`descendant`,`distance`) values (0,1339095398288048129,3);
insert  into `t_resource_node`(`ancestor`,`descendant`,`distance`) values (0,1339095620003151874,3);
insert  into `t_resource_node`(`ancestor`,`descendant`,`distance`) values (0,1339141805648650242,3);
insert  into `t_resource_node`(`ancestor`,`descendant`,`distance`) values (0,1339141875248930817,3);
insert  into `t_resource_node`(`ancestor`,`descendant`,`distance`) values (0,1339141968685441026,3);
insert  into `t_resource_node`(`ancestor`,`descendant`,`distance`) values (0,1339142060758802434,3);
insert  into `t_resource_node`(`ancestor`,`descendant`,`distance`) values (0,1339142219286716418,3);
insert  into `t_resource_node`(`ancestor`,`descendant`,`distance`) values (0,1339615399885451265,2);
insert  into `t_resource_node`(`ancestor`,`descendant`,`distance`) values (0,1340676892001431553,3);
insert  into `t_resource_node`(`ancestor`,`descendant`,`distance`) values (0,1340701292788572161,4);
insert  into `t_resource_node`(`ancestor`,`descendant`,`distance`) values (0,1340701705814269954,4);
insert  into `t_resource_node`(`ancestor`,`descendant`,`distance`) values (0,1343529601356394498,3);
insert  into `t_resource_node`(`ancestor`,`descendant`,`distance`) values (0,1343532492112654338,4);
insert  into `t_resource_node`(`ancestor`,`descendant`,`distance`) values (0,1343532780550746114,4);
insert  into `t_resource_node`(`ancestor`,`descendant`,`distance`) values (0,1343532862503251969,4);
insert  into `t_resource_node`(`ancestor`,`descendant`,`distance`) values (0,1343533013653385218,4);
insert  into `t_resource_node`(`ancestor`,`descendant`,`distance`) values (0,1343570650825093121,3);
insert  into `t_resource_node`(`ancestor`,`descendant`,`distance`) values (0,1343581816360112129,4);
insert  into `t_resource_node`(`ancestor`,`descendant`,`distance`) values (0,1343870166128156674,4);
insert  into `t_resource_node`(`ancestor`,`descendant`,`distance`) values (0,1343870278812327938,4);
insert  into `t_resource_node`(`ancestor`,`descendant`,`distance`) values (0,1343870438585950210,4);
insert  into `t_resource_node`(`ancestor`,`descendant`,`distance`) values (0,1348924458774077442,2);
insert  into `t_resource_node`(`ancestor`,`descendant`,`distance`) values (0,1348925135726354433,3);
insert  into `t_resource_node`(`ancestor`,`descendant`,`distance`) values (0,1348925793997201409,3);
insert  into `t_resource_node`(`ancestor`,`descendant`,`distance`) values (10010000001,10010000001,0);
insert  into `t_resource_node`(`ancestor`,`descendant`,`distance`) values (10010000001,10020000001,1);
insert  into `t_resource_node`(`ancestor`,`descendant`,`distance`) values (10010000001,10030000001,2);
insert  into `t_resource_node`(`ancestor`,`descendant`,`distance`) values (10010000001,20000000001,3);
insert  into `t_resource_node`(`ancestor`,`descendant`,`distance`) values (10010000001,20000000002,3);
insert  into `t_resource_node`(`ancestor`,`descendant`,`distance`) values (10010000001,20000000003,3);
insert  into `t_resource_node`(`ancestor`,`descendant`,`distance`) values (10010000001,20000000004,3);
insert  into `t_resource_node`(`ancestor`,`descendant`,`distance`) values (10010000001,1338796190397911041,2);
insert  into `t_resource_node`(`ancestor`,`descendant`,`distance`) values (10010000001,1339615399885451265,1);
insert  into `t_resource_node`(`ancestor`,`descendant`,`distance`) values (10010000001,1340676892001431553,2);
insert  into `t_resource_node`(`ancestor`,`descendant`,`distance`) values (10010000001,1340701292788572161,3);
insert  into `t_resource_node`(`ancestor`,`descendant`,`distance`) values (10010000001,1340701705814269954,3);
insert  into `t_resource_node`(`ancestor`,`descendant`,`distance`) values (10010000001,1343529601356394498,2);
insert  into `t_resource_node`(`ancestor`,`descendant`,`distance`) values (10010000001,1343532492112654338,3);
insert  into `t_resource_node`(`ancestor`,`descendant`,`distance`) values (10010000001,1343532780550746114,3);
insert  into `t_resource_node`(`ancestor`,`descendant`,`distance`) values (10010000001,1343532862503251969,3);
insert  into `t_resource_node`(`ancestor`,`descendant`,`distance`) values (10010000001,1343533013653385218,3);
insert  into `t_resource_node`(`ancestor`,`descendant`,`distance`) values (10010000001,1343570650825093121,2);
insert  into `t_resource_node`(`ancestor`,`descendant`,`distance`) values (10010000001,1343581816360112129,3);
insert  into `t_resource_node`(`ancestor`,`descendant`,`distance`) values (10010000001,1343870166128156674,3);
insert  into `t_resource_node`(`ancestor`,`descendant`,`distance`) values (10010000001,1343870278812327938,3);
insert  into `t_resource_node`(`ancestor`,`descendant`,`distance`) values (10010000001,1343870438585950210,3);
insert  into `t_resource_node`(`ancestor`,`descendant`,`distance`) values (10010000001,1348924458774077442,1);
insert  into `t_resource_node`(`ancestor`,`descendant`,`distance`) values (10010000001,1348925135726354433,2);
insert  into `t_resource_node`(`ancestor`,`descendant`,`distance`) values (10010000001,1348925793997201409,2);
insert  into `t_resource_node`(`ancestor`,`descendant`,`distance`) values (10010000002,10010000002,0);
insert  into `t_resource_node`(`ancestor`,`descendant`,`distance`) values (10010000002,1339141805648650242,1);
insert  into `t_resource_node`(`ancestor`,`descendant`,`distance`) values (10010000002,1339141875248930817,1);
insert  into `t_resource_node`(`ancestor`,`descendant`,`distance`) values (10010000002,1339141968685441026,1);
insert  into `t_resource_node`(`ancestor`,`descendant`,`distance`) values (10010000002,1339142060758802434,1);
insert  into `t_resource_node`(`ancestor`,`descendant`,`distance`) values (10010000002,1339142219286716418,1);
insert  into `t_resource_node`(`ancestor`,`descendant`,`distance`) values (10020000001,10010000002,1);
insert  into `t_resource_node`(`ancestor`,`descendant`,`distance`) values (10020000001,10020000001,0);
insert  into `t_resource_node`(`ancestor`,`descendant`,`distance`) values (10020000001,20000000001,2);
insert  into `t_resource_node`(`ancestor`,`descendant`,`distance`) values (10020000001,20000000002,2);
insert  into `t_resource_node`(`ancestor`,`descendant`,`distance`) values (10020000001,20000000003,2);
insert  into `t_resource_node`(`ancestor`,`descendant`,`distance`) values (10020000001,20000000004,2);
insert  into `t_resource_node`(`ancestor`,`descendant`,`distance`) values (10020000001,1338793651296350209,1);
insert  into `t_resource_node`(`ancestor`,`descendant`,`distance`) values (10020000001,1338795784578027521,2);
insert  into `t_resource_node`(`ancestor`,`descendant`,`distance`) values (10020000001,1338795995027230721,2);
insert  into `t_resource_node`(`ancestor`,`descendant`,`distance`) values (10020000001,1339095398288048129,2);
insert  into `t_resource_node`(`ancestor`,`descendant`,`distance`) values (10020000001,1339095620003151874,2);
insert  into `t_resource_node`(`ancestor`,`descendant`,`distance`) values (10020000001,1339141805648650242,2);
insert  into `t_resource_node`(`ancestor`,`descendant`,`distance`) values (10020000001,1339141875248930817,2);
insert  into `t_resource_node`(`ancestor`,`descendant`,`distance`) values (10020000001,1339141968685441026,2);
insert  into `t_resource_node`(`ancestor`,`descendant`,`distance`) values (10020000001,1339142060758802434,2);
insert  into `t_resource_node`(`ancestor`,`descendant`,`distance`) values (10020000001,1339142219286716418,2);
insert  into `t_resource_node`(`ancestor`,`descendant`,`distance`) values (10020000001,1340676892001431553,1);
insert  into `t_resource_node`(`ancestor`,`descendant`,`distance`) values (10020000001,1340701292788572161,2);
insert  into `t_resource_node`(`ancestor`,`descendant`,`distance`) values (10020000001,1340701705814269954,2);
insert  into `t_resource_node`(`ancestor`,`descendant`,`distance`) values (10030000001,10030000001,0);
insert  into `t_resource_node`(`ancestor`,`descendant`,`distance`) values (10030000001,20000000001,1);
insert  into `t_resource_node`(`ancestor`,`descendant`,`distance`) values (10030000001,20000000002,1);
insert  into `t_resource_node`(`ancestor`,`descendant`,`distance`) values (10030000001,20000000003,1);
insert  into `t_resource_node`(`ancestor`,`descendant`,`distance`) values (10030000001,20000000004,1);
insert  into `t_resource_node`(`ancestor`,`descendant`,`distance`) values (20000000001,20000000001,0);
insert  into `t_resource_node`(`ancestor`,`descendant`,`distance`) values (20000000002,20000000002,0);
insert  into `t_resource_node`(`ancestor`,`descendant`,`distance`) values (20000000003,20000000003,0);
insert  into `t_resource_node`(`ancestor`,`descendant`,`distance`) values (20000000004,20000000004,0);
insert  into `t_resource_node`(`ancestor`,`descendant`,`distance`) values (1338793651296350209,1338793651296350209,0);
insert  into `t_resource_node`(`ancestor`,`descendant`,`distance`) values (1338793651296350209,1338795784578027521,1);
insert  into `t_resource_node`(`ancestor`,`descendant`,`distance`) values (1338793651296350209,1338795995027230721,1);
insert  into `t_resource_node`(`ancestor`,`descendant`,`distance`) values (1338793651296350209,1338796190397911041,1);
insert  into `t_resource_node`(`ancestor`,`descendant`,`distance`) values (1338793651296350209,1339095398288048129,1);
insert  into `t_resource_node`(`ancestor`,`descendant`,`distance`) values (1338793651296350209,1339095620003151874,1);
insert  into `t_resource_node`(`ancestor`,`descendant`,`distance`) values (1338795784578027521,1338795784578027521,0);
insert  into `t_resource_node`(`ancestor`,`descendant`,`distance`) values (1338795995027230721,1338795995027230721,0);
insert  into `t_resource_node`(`ancestor`,`descendant`,`distance`) values (1338796190397911041,1338796190397911041,0);
insert  into `t_resource_node`(`ancestor`,`descendant`,`distance`) values (1339095398288048129,1339095398288048129,0);
insert  into `t_resource_node`(`ancestor`,`descendant`,`distance`) values (1339095620003151874,1339095620003151874,0);
insert  into `t_resource_node`(`ancestor`,`descendant`,`distance`) values (1339141805648650242,1339141805648650242,0);
insert  into `t_resource_node`(`ancestor`,`descendant`,`distance`) values (1339141875248930817,1339141875248930817,0);
insert  into `t_resource_node`(`ancestor`,`descendant`,`distance`) values (1339141968685441026,1339141968685441026,0);
insert  into `t_resource_node`(`ancestor`,`descendant`,`distance`) values (1339142060758802434,1339142060758802434,0);
insert  into `t_resource_node`(`ancestor`,`descendant`,`distance`) values (1339142219286716418,1339142219286716418,0);
insert  into `t_resource_node`(`ancestor`,`descendant`,`distance`) values (1339615399885451265,10030000001,1);
insert  into `t_resource_node`(`ancestor`,`descendant`,`distance`) values (1339615399885451265,1339615399885451265,0);
insert  into `t_resource_node`(`ancestor`,`descendant`,`distance`) values (1339615399885451265,1343529601356394498,1);
insert  into `t_resource_node`(`ancestor`,`descendant`,`distance`) values (1339615399885451265,1343532492112654338,2);
insert  into `t_resource_node`(`ancestor`,`descendant`,`distance`) values (1339615399885451265,1343532780550746114,2);
insert  into `t_resource_node`(`ancestor`,`descendant`,`distance`) values (1339615399885451265,1343532862503251969,2);
insert  into `t_resource_node`(`ancestor`,`descendant`,`distance`) values (1339615399885451265,1343533013653385218,2);
insert  into `t_resource_node`(`ancestor`,`descendant`,`distance`) values (1339615399885451265,1343570650825093121,1);
insert  into `t_resource_node`(`ancestor`,`descendant`,`distance`) values (1339615399885451265,1343581816360112129,2);
insert  into `t_resource_node`(`ancestor`,`descendant`,`distance`) values (1339615399885451265,1343870166128156674,2);
insert  into `t_resource_node`(`ancestor`,`descendant`,`distance`) values (1339615399885451265,1343870278812327938,2);
insert  into `t_resource_node`(`ancestor`,`descendant`,`distance`) values (1339615399885451265,1343870438585950210,2);
insert  into `t_resource_node`(`ancestor`,`descendant`,`distance`) values (1340676892001431553,1340676892001431553,0);
insert  into `t_resource_node`(`ancestor`,`descendant`,`distance`) values (1340676892001431553,1340701292788572161,1);
insert  into `t_resource_node`(`ancestor`,`descendant`,`distance`) values (1340676892001431553,1340701705814269954,1);
insert  into `t_resource_node`(`ancestor`,`descendant`,`distance`) values (1340701292788572161,1340701292788572161,0);
insert  into `t_resource_node`(`ancestor`,`descendant`,`distance`) values (1340701705814269954,1340701705814269954,0);
insert  into `t_resource_node`(`ancestor`,`descendant`,`distance`) values (1343529601356394498,1343529601356394498,0);
insert  into `t_resource_node`(`ancestor`,`descendant`,`distance`) values (1343529601356394498,1343532492112654338,1);
insert  into `t_resource_node`(`ancestor`,`descendant`,`distance`) values (1343529601356394498,1343532780550746114,1);
insert  into `t_resource_node`(`ancestor`,`descendant`,`distance`) values (1343529601356394498,1343532862503251969,1);
insert  into `t_resource_node`(`ancestor`,`descendant`,`distance`) values (1343529601356394498,1343533013653385218,1);
insert  into `t_resource_node`(`ancestor`,`descendant`,`distance`) values (1343532492112654338,1343532492112654338,0);
insert  into `t_resource_node`(`ancestor`,`descendant`,`distance`) values (1343532780550746114,1343532780550746114,0);
insert  into `t_resource_node`(`ancestor`,`descendant`,`distance`) values (1343532862503251969,1343532862503251969,0);
insert  into `t_resource_node`(`ancestor`,`descendant`,`distance`) values (1343533013653385218,1343533013653385218,0);
insert  into `t_resource_node`(`ancestor`,`descendant`,`distance`) values (1343570650825093121,1343570650825093121,0);
insert  into `t_resource_node`(`ancestor`,`descendant`,`distance`) values (1343570650825093121,1343581816360112129,1);
insert  into `t_resource_node`(`ancestor`,`descendant`,`distance`) values (1343570650825093121,1343870166128156674,1);
insert  into `t_resource_node`(`ancestor`,`descendant`,`distance`) values (1343570650825093121,1343870278812327938,1);
insert  into `t_resource_node`(`ancestor`,`descendant`,`distance`) values (1343570650825093121,1343870438585950210,1);
insert  into `t_resource_node`(`ancestor`,`descendant`,`distance`) values (1343581816360112129,1343581816360112129,0);
insert  into `t_resource_node`(`ancestor`,`descendant`,`distance`) values (1343870166128156674,1343870166128156674,0);
insert  into `t_resource_node`(`ancestor`,`descendant`,`distance`) values (1343870278812327938,1343870278812327938,0);
insert  into `t_resource_node`(`ancestor`,`descendant`,`distance`) values (1343870438585950210,1343870438585950210,0);
insert  into `t_resource_node`(`ancestor`,`descendant`,`distance`) values (1348924458774077442,1348924458774077442,0);
insert  into `t_resource_node`(`ancestor`,`descendant`,`distance`) values (1348924458774077442,1348925135726354433,1);
insert  into `t_resource_node`(`ancestor`,`descendant`,`distance`) values (1348924458774077442,1348925793997201409,1);
insert  into `t_resource_node`(`ancestor`,`descendant`,`distance`) values (1348925135726354433,1348925135726354433,0);
insert  into `t_resource_node`(`ancestor`,`descendant`,`distance`) values (1348925793997201409,1348925793997201409,0);

/*Data for the table `t_sys_dict` */

insert  into `t_sys_dict`(`id`,`sys_flag`,`del_flag`,`create_at`,`update_at`,`code`,`name`,`remarks`) values (1000000,1,NULL,'2020-12-30 13:57:19',NULL,'sys_flag','数据标识',NULL);
insert  into `t_sys_dict`(`id`,`sys_flag`,`del_flag`,`create_at`,`update_at`,`code`,`name`,`remarks`) values (1000001,1,NULL,'2020-12-13 17:08:40',NULL,'sys_menu_type','菜单类型',NULL);
insert  into `t_sys_dict`(`id`,`sys_flag`,`del_flag`,`create_at`,`update_at`,`code`,`name`,`remarks`) values (1000002,1,NULL,'2020-12-13 17:08:40',NULL,'sys_user_status','用户状态',NULL);
insert  into `t_sys_dict`(`id`,`sys_flag`,`del_flag`,`create_at`,`update_at`,`code`,`name`,`remarks`) values (1000003,1,NULL,'2020-12-13 17:08:40',NULL,'sys_param_status','参数状态',NULL);
insert  into `t_sys_dict`(`id`,`sys_flag`,`del_flag`,`create_at`,`update_at`,`code`,`name`,`remarks`) values (1000004,1,NULL,'2020-12-13 17:08:40',NULL,'sys_role_status','角色状态',NULL);
insert  into `t_sys_dict`(`id`,`sys_flag`,`del_flag`,`create_at`,`update_at`,`code`,`name`,`remarks`) values (1000005,1,NULL,'2020-12-13 17:08:40',NULL,'sys_role_grant_type','角色授权类型',NULL);

/*Data for the table `t_sys_dict_item` */

insert  into `t_sys_dict_item`(`id`,`sys_flag`,`del_flag`,`create_at`,`update_at`,`dict_id`,`value`,`label`,`remarks`) values (2000001,1,NULL,'2020-12-30 13:57:19',NULL,1000000,'1','普通',NULL);
insert  into `t_sys_dict_item`(`id`,`sys_flag`,`del_flag`,`create_at`,`update_at`,`dict_id`,`value`,`label`,`remarks`) values (2000002,1,NULL,'2020-12-30 13:57:19',NULL,1000000,'2','系统',NULL);
insert  into `t_sys_dict_item`(`id`,`sys_flag`,`del_flag`,`create_at`,`update_at`,`dict_id`,`value`,`label`,`remarks`) values (2001001,1,NULL,'2020-12-13 17:08:40',NULL,1000001,'1','菜单',NULL);
insert  into `t_sys_dict_item`(`id`,`sys_flag`,`del_flag`,`create_at`,`update_at`,`dict_id`,`value`,`label`,`remarks`) values (2001002,1,NULL,'2020-12-13 17:08:40',NULL,1000001,'2','按钮',NULL);
insert  into `t_sys_dict_item`(`id`,`sys_flag`,`del_flag`,`create_at`,`update_at`,`dict_id`,`value`,`label`,`remarks`) values (2001003,1,NULL,'2020-12-13 17:08:40',NULL,1000001,'3','路由','路由不会展示');
insert  into `t_sys_dict_item`(`id`,`sys_flag`,`del_flag`,`create_at`,`update_at`,`dict_id`,`value`,`label`,`remarks`) values (2002001,1,NULL,'2020-12-13 17:08:40',NULL,1000002,'0','正常',NULL);
insert  into `t_sys_dict_item`(`id`,`sys_flag`,`del_flag`,`create_at`,`update_at`,`dict_id`,`value`,`label`,`remarks`) values (2002002,1,NULL,'2020-12-13 17:08:40',NULL,1000002,'1','禁用',NULL);
insert  into `t_sys_dict_item`(`id`,`sys_flag`,`del_flag`,`create_at`,`update_at`,`dict_id`,`value`,`label`,`remarks`) values (2003001,1,NULL,'2020-12-13 17:08:40',NULL,1000003,'0','正常',NULL);
insert  into `t_sys_dict_item`(`id`,`sys_flag`,`del_flag`,`create_at`,`update_at`,`dict_id`,`value`,`label`,`remarks`) values (2003002,1,NULL,'2020-12-13 17:08:40',NULL,1000003,'1','禁用',NULL);
insert  into `t_sys_dict_item`(`id`,`sys_flag`,`del_flag`,`create_at`,`update_at`,`dict_id`,`value`,`label`,`remarks`) values (2004001,1,NULL,'2020-12-13 17:08:40',NULL,1000004,'0','正常',NULL);
insert  into `t_sys_dict_item`(`id`,`sys_flag`,`del_flag`,`create_at`,`update_at`,`dict_id`,`value`,`label`,`remarks`) values (2004002,1,NULL,'2020-12-13 17:08:40',NULL,1000004,'1','禁用',NULL);
insert  into `t_sys_dict_item`(`id`,`sys_flag`,`del_flag`,`create_at`,`update_at`,`dict_id`,`value`,`label`,`remarks`) values (2005001,1,NULL,'2020-12-13 17:08:40',NULL,1000005,'0','普通',NULL);
insert  into `t_sys_dict_item`(`id`,`sys_flag`,`del_flag`,`create_at`,`update_at`,`dict_id`,`value`,`label`,`remarks`) values (2005002,1,NULL,'2020-12-13 17:08:40',NULL,1000005,'1','管理员','可授予、回收');

/*Data for the table `t_sys_param` */

insert  into `t_sys_param`(`id`,`sys_flag`,`del_flag`,`create_at`,`update_at`,`param_key`,`param_value`,`remarks`,`status`,`create_by`,`update_by`) values (1336568657526984706,1,NULL,'2020-12-09 15:09:35',NULL,'test','sfsdfsf','sdfdf','0','admin',NULL);

/*Data for the table `t_sys_resource` */

insert  into `t_sys_resource`(`id`,`sys_flag`,`del_flag`,`create_at`,`update_at`,`type`,`name`,`title`,`permission`,`path`,`component`,`icon`,`sort`) values (0,1,NULL,'2020-12-02 00:43:36',NULL,1,'sys-r-root','根节点','','','','',0);
insert  into `t_sys_resource`(`id`,`sys_flag`,`del_flag`,`create_at`,`update_at`,`type`,`name`,`title`,`permission`,`path`,`component`,`icon`,`sort`) values (10010000001,0,NULL,'2020-12-02 00:43:36','2020-12-28 20:39:46',1,'sys','系统管理','','/sys','layoutHeaderAside','sliders',0);
insert  into `t_sys_resource`(`id`,`sys_flag`,`del_flag`,`create_at`,`update_at`,`type`,`name`,`title`,`permission`,`path`,`component`,`icon`,`sort`) values (10010000002,0,NULL,'2020-12-02 00:43:36','2020-12-18 01:01:46',1,'sys-user','用户管理','','/sys/user','/sys/views/user','users',0);
insert  into `t_sys_resource`(`id`,`sys_flag`,`del_flag`,`create_at`,`update_at`,`type`,`name`,`title`,`permission`,`path`,`component`,`icon`,`sort`) values (10020000001,0,NULL,'2020-12-02 00:43:36','2020-12-18 01:34:19',1,'sys-permission','权限管理','','/sys/permission','','cubes',2);
insert  into `t_sys_resource`(`id`,`sys_flag`,`del_flag`,`create_at`,`update_at`,`type`,`name`,`title`,`permission`,`path`,`component`,`icon`,`sort`) values (10030000001,0,NULL,'2020-12-02 00:43:36','2020-12-28 23:35:00',1,'sys-resource','资源管理','','/sys/resource','/sys/views/resource','object-group',0);
insert  into `t_sys_resource`(`id`,`sys_flag`,`del_flag`,`create_at`,`update_at`,`type`,`name`,`title`,`permission`,`path`,`component`,`icon`,`sort`) values (20000000001,0,NULL,'2020-12-02 00:43:36',NULL,2,'sys-resource-add','添加资源','sys:resource:add','','','',1);
insert  into `t_sys_resource`(`id`,`sys_flag`,`del_flag`,`create_at`,`update_at`,`type`,`name`,`title`,`permission`,`path`,`component`,`icon`,`sort`) values (20000000002,0,NULL,'2020-12-02 00:43:36',NULL,2,'sys-resource-del','删除资源','sys:resource:del','','','',2);
insert  into `t_sys_resource`(`id`,`sys_flag`,`del_flag`,`create_at`,`update_at`,`type`,`name`,`title`,`permission`,`path`,`component`,`icon`,`sort`) values (20000000003,0,NULL,'2020-12-02 00:43:36',NULL,2,'sys-resource-edit','修改资源','sys:resource:edit','','','',3);
insert  into `t_sys_resource`(`id`,`sys_flag`,`del_flag`,`create_at`,`update_at`,`type`,`name`,`title`,`permission`,`path`,`component`,`icon`,`sort`) values (20000000004,0,NULL,'2020-12-02 00:43:36',NULL,2,'sys-resource-view','查看资源','sys:resource:view','','','',4);
insert  into `t_sys_resource`(`id`,`sys_flag`,`del_flag`,`create_at`,`update_at`,`type`,`name`,`title`,`permission`,`path`,`component`,`icon`,`sort`) values (1338793651296350209,1,NULL,'2020-12-15 18:30:55','2020-12-15 23:12:20',1,'sys-role','角色管理','','/sys/roles','/sys/views/role','address-card-o',1);
insert  into `t_sys_resource`(`id`,`sys_flag`,`del_flag`,`create_at`,`update_at`,`type`,`name`,`title`,`permission`,`path`,`component`,`icon`,`sort`) values (1338795784578027521,0,NULL,'2020-12-15 18:39:23',NULL,2,'sys-role-add','添加','sys:role:add',NULL,NULL,'',1);
insert  into `t_sys_resource`(`id`,`sys_flag`,`del_flag`,`create_at`,`update_at`,`type`,`name`,`title`,`permission`,`path`,`component`,`icon`,`sort`) values (1338795995027230721,0,NULL,'2020-12-15 18:40:13',NULL,2,'sys-role-del','删除','sys:role:del',NULL,NULL,'',2);
insert  into `t_sys_resource`(`id`,`sys_flag`,`del_flag`,`create_at`,`update_at`,`type`,`name`,`title`,`permission`,`path`,`component`,`icon`,`sort`) values (1338796190397911041,0,NULL,'2020-12-15 18:41:00','2020-12-15 22:20:41',2,'sys-role-permit','资源授权','sys:role:permit','','','',0);
insert  into `t_sys_resource`(`id`,`sys_flag`,`del_flag`,`create_at`,`update_at`,`type`,`name`,`title`,`permission`,`path`,`component`,`icon`,`sort`) values (1339095398288048129,0,NULL,'2020-12-16 14:29:57',NULL,2,'sys-role-edit','修改','sys:role:edit',NULL,NULL,'',3);
insert  into `t_sys_resource`(`id`,`sys_flag`,`del_flag`,`create_at`,`update_at`,`type`,`name`,`title`,`permission`,`path`,`component`,`icon`,`sort`) values (1339095620003151874,0,NULL,'2020-12-16 14:30:50',NULL,2,'sys-role-view','查看','sys:role:view',NULL,NULL,'',4);
insert  into `t_sys_resource`(`id`,`sys_flag`,`del_flag`,`create_at`,`update_at`,`type`,`name`,`title`,`permission`,`path`,`component`,`icon`,`sort`) values (1339141805648650242,0,NULL,'2020-12-16 17:34:21','2020-12-16 17:37:52',2,'sys-user-add','添加','sys:user:add','','','',1);
insert  into `t_sys_resource`(`id`,`sys_flag`,`del_flag`,`create_at`,`update_at`,`type`,`name`,`title`,`permission`,`path`,`component`,`icon`,`sort`) values (1339141875248930817,0,NULL,'2020-12-16 17:34:38','2020-12-16 17:38:06',2,'sys-user-del','删除','sys:user:del','','','',2);
insert  into `t_sys_resource`(`id`,`sys_flag`,`del_flag`,`create_at`,`update_at`,`type`,`name`,`title`,`permission`,`path`,`component`,`icon`,`sort`) values (1339141968685441026,0,NULL,'2020-12-16 17:35:00','2020-12-16 17:38:19',2,'sys-user-edit','修改','sys:user:edit','','','',3);
insert  into `t_sys_resource`(`id`,`sys_flag`,`del_flag`,`create_at`,`update_at`,`type`,`name`,`title`,`permission`,`path`,`component`,`icon`,`sort`) values (1339142060758802434,0,NULL,'2020-12-16 17:35:22','2020-12-16 17:38:28',2,'sys-user-view','查看','sys:user:view','','','',4);
insert  into `t_sys_resource`(`id`,`sys_flag`,`del_flag`,`create_at`,`update_at`,`type`,`name`,`title`,`permission`,`path`,`component`,`icon`,`sort`) values (1339142219286716418,0,NULL,'2020-12-16 17:36:00','2020-12-16 17:38:33',2,'sys-user-permit','角色授权','sys:user:permit','','','',0);
insert  into `t_sys_resource`(`id`,`sys_flag`,`del_flag`,`create_at`,`update_at`,`type`,`name`,`title`,`permission`,`path`,`component`,`icon`,`sort`) values (1339615399885451265,0,NULL,'2020-12-18 00:56:15','2020-12-21 16:50:25',1,'sys-conf','系统设置','','/sys/conf','','gear',0);
insert  into `t_sys_resource`(`id`,`sys_flag`,`del_flag`,`create_at`,`update_at`,`type`,`name`,`title`,`permission`,`path`,`component`,`icon`,`sort`) values (1340676892001431553,0,NULL,'2020-12-20 23:14:14','2020-12-21 03:07:10',1,'sys-role-permit','角色授权','','/sys/role/grant','/sys/views/role-grant','gavel',100);
insert  into `t_sys_resource`(`id`,`sys_flag`,`del_flag`,`create_at`,`update_at`,`type`,`name`,`title`,`permission`,`path`,`component`,`icon`,`sort`) values (1340701292788572161,0,NULL,'2020-12-21 00:51:12','2020-12-21 17:31:36',2,'sys-role-grant','授予角色','sys:role:grant','','','',0);
insert  into `t_sys_resource`(`id`,`sys_flag`,`del_flag`,`create_at`,`update_at`,`type`,`name`,`title`,`permission`,`path`,`component`,`icon`,`sort`) values (1340701705814269954,0,NULL,'2020-12-21 00:52:50','2020-12-21 17:31:51',2,'sys-role-revoke','移除角色','sys:role:revoke','','','',0);
insert  into `t_sys_resource`(`id`,`sys_flag`,`del_flag`,`create_at`,`update_at`,`type`,`name`,`title`,`permission`,`path`,`component`,`icon`,`sort`) values (1343529601356394498,0,NULL,'2020-12-28 20:09:53','2020-12-28 20:19:49',1,'sys-param','参数设置','sys:param','/sys/param','/sys/views/param','ticket',0);
insert  into `t_sys_resource`(`id`,`sys_flag`,`del_flag`,`create_at`,`update_at`,`type`,`name`,`title`,`permission`,`path`,`component`,`icon`,`sort`) values (1343532492112654338,0,NULL,'2020-12-28 20:21:22',NULL,2,'sys-param-add','新增参数','sys:param:add',NULL,NULL,'',1);
insert  into `t_sys_resource`(`id`,`sys_flag`,`del_flag`,`create_at`,`update_at`,`type`,`name`,`title`,`permission`,`path`,`component`,`icon`,`sort`) values (1343532780550746114,0,NULL,'2020-12-28 20:22:31',NULL,2,'sys-param-del','删除参数','sys:param:del',NULL,NULL,'',2);
insert  into `t_sys_resource`(`id`,`sys_flag`,`del_flag`,`create_at`,`update_at`,`type`,`name`,`title`,`permission`,`path`,`component`,`icon`,`sort`) values (1343532862503251969,0,NULL,'2020-12-28 20:22:51',NULL,2,'sys-param-edit','修改参数','sys:param:edit',NULL,NULL,'',3);
insert  into `t_sys_resource`(`id`,`sys_flag`,`del_flag`,`create_at`,`update_at`,`type`,`name`,`title`,`permission`,`path`,`component`,`icon`,`sort`) values (1343533013653385218,0,NULL,'2020-12-28 20:23:27',NULL,2,'sys-param-view','查看参数','sys:param:view',NULL,NULL,'',4);
insert  into `t_sys_resource`(`id`,`sys_flag`,`del_flag`,`create_at`,`update_at`,`type`,`name`,`title`,`permission`,`path`,`component`,`icon`,`sort`) values (1343570650825093121,0,NULL,'2020-12-28 22:53:00',NULL,1,'sys-dict','字典维护','sys:dict','/sys/dict','/sys/views/dict','book',0);
insert  into `t_sys_resource`(`id`,`sys_flag`,`del_flag`,`create_at`,`update_at`,`type`,`name`,`title`,`permission`,`path`,`component`,`icon`,`sort`) values (1343581816360112129,0,NULL,'2020-12-28 23:37:22',NULL,2,'sys-dict-edit','修改字典','sys:dict:edit',NULL,NULL,'',3);
insert  into `t_sys_resource`(`id`,`sys_flag`,`del_flag`,`create_at`,`update_at`,`type`,`name`,`title`,`permission`,`path`,`component`,`icon`,`sort`) values (1343870166128156674,0,NULL,'2020-12-29 18:43:10','2020-12-29 18:44:31',2,'sys-dict-add','新增字典','sys:dict:add','','','',1);
insert  into `t_sys_resource`(`id`,`sys_flag`,`del_flag`,`create_at`,`update_at`,`type`,`name`,`title`,`permission`,`path`,`component`,`icon`,`sort`) values (1343870278812327938,0,NULL,'2020-12-29 18:43:37','2020-12-29 18:44:43',2,'sys-dict-del','删除字典','sys:dict:del','','','',2);
insert  into `t_sys_resource`(`id`,`sys_flag`,`del_flag`,`create_at`,`update_at`,`type`,`name`,`title`,`permission`,`path`,`component`,`icon`,`sort`) values (1343870438585950210,0,NULL,'2020-12-29 18:44:15','2020-12-29 18:44:59',2,'sys-dict-view','查看字典','sys:dict:view','','','',4);
insert  into `t_sys_resource`(`id`,`sys_flag`,`del_flag`,`create_at`,`update_at`,`type`,`name`,`title`,`permission`,`path`,`component`,`icon`,`sort`) values (1348924458774077442,0,NULL,'2021-01-12 17:27:07','2021-01-12 17:27:22',1,'sys-doc','接口文档','','','','map-o',10);
insert  into `t_sys_resource`(`id`,`sys_flag`,`del_flag`,`create_at`,`update_at`,`type`,`name`,`title`,`permission`,`path`,`component`,`icon`,`sort`) values (1348925135726354433,0,NULL,'2021-01-12 17:29:49','2021-01-12 19:19:30',1,'doc-knife4j','knife4j-ui','','http://flygon-demo.etcd.ltd/api/doc.html','','',1);
insert  into `t_sys_resource`(`id`,`sys_flag`,`del_flag`,`create_at`,`update_at`,`type`,`name`,`title`,`permission`,`path`,`component`,`icon`,`sort`) values (1348925793997201409,0,NULL,'2021-01-12 17:32:26','2021-01-12 19:19:39',1,'doc-swagger','swagger-ui','','http://flygon-demo.etcd.ltd/api/swagger-ui.html','','',2);

/*Data for the table `t_sys_resource_grantee` */

insert  into `t_sys_resource_grantee`(`role_id`,`resource_id`) values (1338178645550809090,10010000001);
insert  into `t_sys_resource_grantee`(`role_id`,`resource_id`) values (1338178645550809090,10010000002);
insert  into `t_sys_resource_grantee`(`role_id`,`resource_id`) values (1338178645550809090,10020000001);
insert  into `t_sys_resource_grantee`(`role_id`,`resource_id`) values (1338178645550809090,10030000001);
insert  into `t_sys_resource_grantee`(`role_id`,`resource_id`) values (1338178645550809090,20000000001);
insert  into `t_sys_resource_grantee`(`role_id`,`resource_id`) values (1338178645550809090,20000000002);
insert  into `t_sys_resource_grantee`(`role_id`,`resource_id`) values (1338178645550809090,20000000003);
insert  into `t_sys_resource_grantee`(`role_id`,`resource_id`) values (1338178645550809090,20000000004);
insert  into `t_sys_resource_grantee`(`role_id`,`resource_id`) values (1338178645550809090,1338793651296350209);
insert  into `t_sys_resource_grantee`(`role_id`,`resource_id`) values (1338178645550809090,1338795784578027521);
insert  into `t_sys_resource_grantee`(`role_id`,`resource_id`) values (1338178645550809090,1338795995027230721);
insert  into `t_sys_resource_grantee`(`role_id`,`resource_id`) values (1338178645550809090,1338796190397911041);
insert  into `t_sys_resource_grantee`(`role_id`,`resource_id`) values (1338178645550809090,1339095398288048129);
insert  into `t_sys_resource_grantee`(`role_id`,`resource_id`) values (1338178645550809090,1339095620003151874);
insert  into `t_sys_resource_grantee`(`role_id`,`resource_id`) values (1338178645550809090,1339141805648650242);
insert  into `t_sys_resource_grantee`(`role_id`,`resource_id`) values (1338178645550809090,1339141875248930817);
insert  into `t_sys_resource_grantee`(`role_id`,`resource_id`) values (1338178645550809090,1339141968685441026);
insert  into `t_sys_resource_grantee`(`role_id`,`resource_id`) values (1338178645550809090,1339142060758802434);
insert  into `t_sys_resource_grantee`(`role_id`,`resource_id`) values (1338178645550809090,1339142219286716418);
insert  into `t_sys_resource_grantee`(`role_id`,`resource_id`) values (1338178645550809090,1339615399885451265);
insert  into `t_sys_resource_grantee`(`role_id`,`resource_id`) values (1338178645550809090,1340676892001431553);
insert  into `t_sys_resource_grantee`(`role_id`,`resource_id`) values (1338178645550809090,1340701292788572161);
insert  into `t_sys_resource_grantee`(`role_id`,`resource_id`) values (1338178645550809090,1340701705814269954);
insert  into `t_sys_resource_grantee`(`role_id`,`resource_id`) values (1338178645550809090,1343529601356394498);
insert  into `t_sys_resource_grantee`(`role_id`,`resource_id`) values (1338178645550809090,1343532492112654338);
insert  into `t_sys_resource_grantee`(`role_id`,`resource_id`) values (1338178645550809090,1343532780550746114);
insert  into `t_sys_resource_grantee`(`role_id`,`resource_id`) values (1338178645550809090,1343532862503251969);
insert  into `t_sys_resource_grantee`(`role_id`,`resource_id`) values (1338178645550809090,1343533013653385218);
insert  into `t_sys_resource_grantee`(`role_id`,`resource_id`) values (1338178645550809090,1343570650825093121);
insert  into `t_sys_resource_grantee`(`role_id`,`resource_id`) values (1338178645550809090,1343581816360112129);
insert  into `t_sys_resource_grantee`(`role_id`,`resource_id`) values (1338178645550809090,1343870166128156674);
insert  into `t_sys_resource_grantee`(`role_id`,`resource_id`) values (1338178645550809090,1343870278812327938);
insert  into `t_sys_resource_grantee`(`role_id`,`resource_id`) values (1338178645550809090,1343870438585950210);
insert  into `t_sys_resource_grantee`(`role_id`,`resource_id`) values (1338178645550809090,1348924458774077442);
insert  into `t_sys_resource_grantee`(`role_id`,`resource_id`) values (1338178645550809090,1348925135726354433);
insert  into `t_sys_resource_grantee`(`role_id`,`resource_id`) values (1338178645550809090,1348925793997201409);

/*Data for the table `t_sys_role` */

insert  into `t_sys_role`(`id`,`sys_flag`,`del_flag`,`create_at`,`update_at`,`code`,`name`,`remarks`,`status`,`owner`) values (1338178645550809090,0,NULL,'2020-12-14 01:47:06',NULL,'admin','系统管理员',NULL,'0',NULL);

/*Data for the table `t_sys_role_grantee` */

insert  into `t_sys_role_grantee`(`id`,`sys_flag`,`del_flag`,`create_at`,`update_at`,`user_id`,`role_id`,`grant_type`) values (1,0,NULL,'2020-12-20 23:31:10','2020-12-21 02:13:44',1,1338178645550809090,'1');

/*Data for the table `t_sys_user` */

insert  into `t_sys_user`(`id`,`sys_flag`,`del_flag`,`create_by`,`create_at`,`update_by`,`update_at`,`username`,`password`,`salt`,`name`,`mail`,`mobile_phone`,`remarks`,`status`) values (1,1,NULL,NULL,'2020-10-29 15:51:39',NULL,NULL,'admin','$2a$10$OO/CElRgmt9nhFQsHDDs3ulWkTcZ5/4t09YVMVU9Y8AzDthkm6lWO',NULL,'管理员','power4j@outlook.com','18081020301','初始用户','0');

SET FOREIGN_KEY_CHECKS = 1;